year,season,fishery,area,index
1952,1,33,1,10.5563795557538
1952,2,33,1,5.9243583749751
1952,3,33,1,9.75661681621837
1952,4,33,1,12.6112594215142
1953,1,33,1,8.43627712007029
1953,2,33,1,7.32170988562153
1953,3,33,1,8.29453898926811
1953,4,33,1,9.5092698893074
1954,1,33,1,8.7153365910586
1954,2,33,1,6.80752979402831
1954,3,33,1,8.14458383499995
1954,4,33,1,12.314429535916
1955,1,33,1,11.3476974998474
1955,2,33,1,6.86011950991272
1955,3,33,1,8.62253019436173
1955,4,33,1,14.1065786168388
1956,1,33,1,13.6668770753268
1956,2,33,1,5.65933397898518
1956,3,33,1,10.5611310954313
1956,4,33,1,17.3840085038876
1957,1,33,1,14.7435226781583
1957,2,33,1,7.09728643788045
1957,3,33,1,11.3201037176365
1957,4,33,1,16.6241799099789
1958,1,33,1,12.6001823744302
1958,2,33,1,8.20181581146376
1958,3,33,1,9.74031240795808
1958,4,33,1,11.3793897765094
1959,1,33,1,11.8421933017438
1959,2,33,1,5.39130432676236
1959,3,33,1,7.41200645495237
1959,4,33,1,9.16172534025683
1960,1,33,1,8.87955674495856
1960,2,33,1,5.54141564022601
1960,3,33,1,7.65571855275855
1960,4,33,1,10.0814588215966
1961,1,33,1,10.9928188280026
1961,2,33,1,6.65713887179889
1961,3,33,1,5.94155128810215
1961,4,33,1,9.00156692040673
1962,1,33,1,6.37635904809601
1962,2,33,1,3.61931970295118
1962,3,33,1,5.68799081319855
1962,4,33,1,6.25849968465926
1963,1,33,1,7.24808386442871
1963,2,33,1,5.94873982032886
1963,3,33,1,6.16065970395116
1963,4,33,1,6.92552286395741
1964,1,33,1,8.7385729382724
1964,2,33,1,6.34074331800422
1964,3,33,1,3.87005958243752
1964,4,33,1,7.14931174672855
1965,1,33,1,6.14904390942285
1965,2,33,1,4.12158316163155
1965,3,33,1,3.46972896022319
1965,4,33,1,8.68727162948432
1966,1,33,1,8.24572098308446
1966,2,33,1,4.08921803056857
1966,3,33,1,5.67908114106544
1966,4,33,1,5.74622552878911
1967,1,33,1,5.76608674900912
1967,2,33,1,4.65576460487753
1967,3,33,1,4.03501198619439
1967,4,33,1,5.25398464673949
1968,1,33,1,4.51905223037379
1968,2,33,1,2.99957744675434
1968,3,33,1,3.27636369721996
1968,4,33,1,6.19563563456566
1969,1,33,1,6.67404065324092
1969,2,33,1,4.20651519985791
1969,3,33,1,4.59493751604715
1969,4,33,1,5.14405740779585
1970,1,33,1,4.91446236188186
1970,2,33,1,2.67667380194145
1970,3,33,1,3.3163592603047
1970,4,33,1,4.96838849731118
1971,1,33,1,4.03360674361396
1971,2,33,1,3.10191251968492
1971,3,33,1,2.67761913359249
1971,4,33,1,6.26913429594941
1972,1,33,1,4.81345882469501
1972,2,33,1,3.45760257747257
1972,3,33,1,3.87296084879309
1972,4,33,1,5.81322207307366
1973,1,33,1,4.78441245856853
1973,2,33,1,2.97711450668934
1973,3,33,1,2.96970836421825
1973,4,33,1,4.44521031490025
1974,1,33,1,4.39616106552637
1974,2,33,1,2.96666751623747
1974,3,33,1,3.62542486598904
1974,4,33,1,5.12255023241771
1975,1,33,1,5.07950242688759
1975,2,33,1,3.50508268230484
1975,3,33,1,3.62310501128714
1975,4,33,1,4.94976019438791
1976,1,33,1,4.43960596716957
1976,2,33,1,3.41752320900363
1976,3,33,1,4.42553468046872
1976,4,33,1,6.67774437318168
1977,1,33,1,7.27560231898014
1977,2,33,1,5.5206890643343
1977,3,33,1,5.09821153560952
1977,4,33,1,7.31733966869662
1978,1,33,1,5.99709219416543
1978,2,33,1,5.29979929283888
1978,3,33,1,4.15291957189754
1978,4,33,1,4.77743929349012
1979,1,33,1,4.15287894493199
1979,2,33,1,3.72688439677928
1979,3,33,1,4.15816962186788
1979,4,33,1,4.81388821973693
1980,1,33,1,4.27822816360962
1980,2,33,1,4.27404406275006
1980,3,33,1,3.95779556128222
1980,4,33,1,3.5834011304125
1981,1,33,1,3.86100202999397
1981,2,33,1,2.87995538015409
1981,3,33,1,5.13007919951961
1981,4,33,1,3.92890651048672
1982,1,33,1,3.84895749609581
1982,2,33,1,2.95683471083632
1982,3,33,1,3.67787308833611
1982,4,33,1,4.39896269975558
1983,1,33,1,3.35266755722873
1983,2,33,1,2.38248694153053
1983,3,33,1,3.48851987226359
1983,4,33,1,4.67027171164241
1984,1,33,1,3.50036308816232
1984,2,33,1,3.65264904641098
1984,3,33,1,3.83659046060576
1984,4,33,1,4.9303864199207
1985,1,33,1,3.81456804692565
1985,2,33,1,2.80573818319164
1985,3,33,1,3.0293519614471
1985,4,33,1,3.99312701174336
1986,1,33,1,4.36537414279524
1986,2,33,1,3.3711885556338
1986,3,33,1,4.12088144097856
1986,4,33,1,5.97712798182579
1987,1,33,1,4.984778571902
1987,2,33,1,4.00747471439637
1987,3,33,1,3.31035829964737
1987,4,33,1,4.45513863846706
1988,1,33,1,4.58780249229558
1988,2,33,1,2.77231820957155
1988,3,33,1,2.5493063445525
1988,4,33,1,4.28989862561316
1989,1,33,1,3.79029584860881
1989,2,33,1,2.80288806593669
1989,3,33,1,3.8177239237615
1989,4,33,1,5.78291156785363
1990,1,33,1,4.81148274898084
1990,2,33,1,3.39615174911646
1990,3,33,1,4.68052294757823
1990,4,33,1,6.49676267952205
1991,1,33,1,4.936935697719
1991,2,33,1,4.27506912882557
1991,3,33,1,3.01149024434071
1991,4,33,1,5.31171553652918
1992,1,33,1,5.11475608315338
1992,2,33,1,3.65954890706992
1992,3,33,1,3.04512085121554
1992,4,33,1,4.99527059695422
1993,1,33,1,4.73714371544422
1993,2,33,1,2.92875889001694
1993,3,33,1,2.65914446694323
1993,4,33,1,3.78791163749072
1994,1,33,1,4.24746063981321
1994,2,33,1,2.59520349088998
1994,3,33,1,3.08431862478932
1994,4,33,1,4.35017808006908
1995,1,33,1,3.89761875359517
1995,2,33,1,2.389739503646
1995,3,33,1,2.43539817746418
1995,4,33,1,3.27462292435454
1996,1,33,1,2.73694277061811
1996,2,33,1,1.60752646285926
1996,3,33,1,2.50977916308882
1996,4,33,1,4.3800950459878
1997,1,33,1,3.7573178522025
1997,2,33,1,1.5658805382116
1997,3,33,1,2.97131495260969
1997,4,33,1,4.22465047341286
1998,1,33,1,3.47891860657835
1998,2,33,1,1.77969665876608
1998,3,33,1,2.50795730025212
1998,4,33,1,3.75497880244333
1999,1,33,1,3.11635824675478
1999,2,33,1,2.50834331908813
1999,3,33,1,2.40261035932093
1999,4,33,1,4.00443591726347
2000,1,33,1,2.88592713540146
2000,2,33,1,2.13797574261346
2000,3,33,1,2.08042723099522
2000,4,33,1,3.05578514610926
2001,1,33,1,2.67023213622634
2001,2,33,1,1.99066652714161
2001,3,33,1,2.14224757281256
2001,4,33,1,3.99060053407431
2002,1,33,1,3.3470635616068
2002,2,33,1,2.03958469783005
2002,3,33,1,2.91392776249468
2002,4,33,1,4.33385502993232
2003,1,33,1,3.28758224034451
2003,2,33,1,2.86751257441378
2003,3,33,1,2.07800540460287
2003,4,33,1,3.27256884421872
2004,1,33,1,2.29786475775471
2004,2,33,1,2.19393277229916
2004,3,33,1,3.63044213791098
2004,4,33,1,4.4182180463683
2005,1,33,1,2.37554204299511
2005,2,33,1,1.86931370567068
2005,3,33,1,2.83879856443378
2005,4,33,1,4.15118333128378
2006,1,33,1,4.17058384949749
2006,2,33,1,3.75977580565916
2006,3,33,1,3.73487998259709
2006,4,33,1,4.70462186063367
2007,1,33,1,3.20032200214895
2007,2,33,1,2.11401134213971
2007,3,33,1,2.64956045970356
2007,4,33,1,3.25369192658083
2008,1,33,1,2.72397422710749
2008,2,33,1,2.03462879033878
2008,3,33,1,2.23279818177419
2008,4,33,1,3.76896979153762
2009,1,33,1,2.59052439128496
2009,2,33,1,1.57235964859033
2009,3,33,1,2.09736619121184
2009,4,33,1,4.22253449123541
2010,1,33,1,2.62353915938046
2010,2,33,1,1.84769097730479
2010,3,33,1,2.04873635150513
2010,4,33,1,3.44557624139734
2011,1,33,1,2.53767645110475
2011,2,33,1,1.97669386267829
2011,3,33,1,2.10248103580632
2011,4,33,1,3.22121814858904
2012,1,33,1,3.01296498775921
2012,2,33,1,1.51564252146598
2012,3,33,1,1.98722893869983
2012,4,33,1,2.25539616309314
2013,1,33,1,2.41502040732892
2013,2,33,1,1.26102667807201
2013,3,33,1,1.51749885379838
2013,4,33,1,2.90328147783785
2014,1,33,1,3.24809923999942
2014,2,33,1,2.05266283788228
2014,3,33,1,2.82744060732043
2014,4,33,1,4.51691592261813
2015,1,33,1,4.22137526138221
2015,2,33,1,2.18952876701771
2015,3,33,1,1.91677663787248
2015,4,33,1,3.15836675391103
2016,1,33,1,2.85073406665473
2016,2,33,1,1.2708333343452
2016,3,33,1,1.67338703976188
2016,4,33,1,4.0812554288417
2017,1,33,1,2.52583430387086
2017,2,33,1,1.57094390206772
2017,3,33,1,2.09282082981017
2017,4,33,1,3.59805874353657
2018,1,33,1,3.48337168423078
2018,2,33,1,1.63350284411226
2018,3,33,1,2.44232263847681
2018,4,33,1,4.33730334025281
2019,1,33,1,3.48129858629975
2019,2,33,1,1.48885146190534
2019,3,33,1,2.70408509030574
2019,4,33,1,3.65860857418575
2020,1,33,1,3.00123316811625
2020,2,33,1,1.50099010220349
2020,3,33,1,2.2286750789016
2020,4,33,1,3.32717339197954
2021,1,33,1,3.25807776881507
2021,2,33,1,1.67227538597991
2021,3,33,1,1.92094633387796
2021,4,33,1,3.35230981681745
1952,1,34,2,21.1338715760118
1952,2,34,2,23.2404551630457
1952,3,34,2,29.8840520748465
1952,4,34,2,24.9664681025334
1953,1,34,2,22.5201778452551
1953,2,34,2,15.7480899701311
1953,3,34,2,18.5910958744666
1953,4,34,2,18.4888953661295
1954,1,34,2,20.2572790532696
1954,2,34,2,17.0225327702323
1954,3,34,2,20.4252015893771
1954,4,34,2,20.0620900440968
1955,1,34,2,27.5093866836981
1955,2,34,2,20.5555158320046
1955,3,34,2,20.8335707359204
1955,4,34,2,26.3279146575356
1956,1,34,2,28.0412410346989
1956,2,34,2,17.5074205829147
1956,3,34,2,20.849933547822
1956,4,34,2,24.5681651229502
1957,1,34,2,34.3634283944268
1957,2,34,2,21.8510500555885
1957,3,34,2,19.5183725741937
1957,4,34,2,21.7762263241776
1958,1,34,2,29.7298207265316
1958,2,34,2,27.9653389345403
1958,3,34,2,21.7773580593843
1958,4,34,2,29.6557579839075
1959,1,34,2,29.5204790065301
1959,2,34,2,20.0959987705821
1959,3,34,2,16.6854420496526
1959,4,34,2,25.321523055542
1960,1,34,2,26.5144853074877
1960,2,34,2,20.1161512583397
1960,3,34,2,15.9972036539273
1960,4,34,2,23.644119319172
1961,1,34,2,24.3000693257923
1961,2,34,2,19.2735364163081
1961,3,34,2,17.1308974544459
1961,4,34,2,25.865442964101
1962,1,34,2,17.9594588568595
1962,2,34,2,17.2320760374274
1962,3,34,2,12.4746245969976
1962,4,34,2,18.0645104640065
1963,1,34,2,16.4085748316761
1963,2,34,2,12.1549519799603
1963,3,34,2,10.8036021051422
1963,4,34,2,11.9935091534714
1964,1,34,2,15.1357310834069
1964,2,34,2,10.3598065200109
1964,3,34,2,6.76790818408292
1964,4,34,2,13.7836013904929
1965,1,34,2,15.1738904948225
1965,2,34,2,8.66205820632687
1965,3,34,2,9.33796222139346
1965,4,34,2,13.4440767443453
1966,1,34,2,17.3432952893404
1966,2,34,2,8.5797707966738
1966,3,34,2,13.4349735941174
1966,4,34,2,16.251865371117
1967,1,34,2,16.4037105834232
1967,2,34,2,9.80124244508486
1967,3,34,2,9.82034454259146
1967,4,34,2,12.3294563407197
1968,1,34,2,11.5323712688653
1968,2,34,2,7.33255704277383
1968,3,34,2,7.03632644269857
1968,4,34,2,12.6501584824066
1969,1,34,2,15.9640598792374
1969,2,34,2,7.24552395838294
1969,3,34,2,9.5919815236267
1969,4,34,2,11.691038530425
1970,1,34,2,12.9388217535342
1970,2,34,2,6.18131287528258
1970,3,34,2,5.72273471158547
1970,4,34,2,10.4054916328113
1971,1,34,2,9.63086489157607
1971,2,34,2,6.40627557082201
1971,3,34,2,8.14788671393062
1971,4,34,2,13.8526915812462
1972,1,34,2,10.213006410372
1972,2,34,2,6.68728388724433
1972,3,34,2,10.4030332716344
1972,4,34,2,12.4877385181397
1973,1,34,2,12.2336016661826
1973,2,34,2,8.74472629191913
1973,3,34,2,5.2969105820274
1973,4,34,2,7.81705076832932
1974,1,34,2,8.04854398894224
1974,2,34,2,6.28266927247716
1974,3,34,2,5.90097611077906
1974,4,34,2,8.94819297153808
1975,1,34,2,8.18351179755827
1975,2,34,2,6.5462397602975
1975,3,34,2,6.66938330583491
1975,4,34,2,10.9295511665146
1976,1,34,2,9.80499802193816
1976,2,34,2,9.73584188634461
1976,3,34,2,7.14424137157438
1976,4,34,2,9.76243325071193
1977,1,34,2,8.9678005424584
1977,2,34,2,8.85357690681474
1977,3,34,2,10.3625526178972
1977,4,34,2,16.3391892783477
1978,1,34,2,11.8129438304319
1978,2,34,2,7.75846315353454
1978,3,34,2,8.46695855239674
1978,4,34,2,10.547694139359
1979,1,34,2,9.23899609379954
1979,2,34,2,7.27298621303658
1979,3,34,2,8.14946342723121
1979,4,34,2,10.5120620657467
1980,1,34,2,8.09233257535323
1980,2,34,2,7.93796941150333
1980,3,34,2,7.17518306364332
1980,4,34,2,7.42633263302155
1981,1,34,2,6.74929461228423
1981,2,34,2,5.73636331697265
1981,3,34,2,6.04600282785411
1981,4,34,2,9.36509226166442
1982,1,34,2,7.42487112220092
1982,2,34,2,6.37992035845581
1982,3,34,2,9.65966681293654
1982,4,34,2,9.00558581687746
1983,1,34,2,8.58589027945877
1983,2,34,2,7.54842292406139
1983,3,34,2,6.00913899264804
1983,4,34,2,7.62164750946045
1984,1,34,2,6.55781038919104
1984,2,34,2,6.07619293698943
1984,3,34,2,7.20224781293993
1984,4,34,2,7.13623312837221
1985,1,34,2,6.53628544302754
1985,2,34,2,5.73043187682184
1985,3,34,2,7.22375966121153
1985,4,34,2,8.09627358864158
1986,1,34,2,8.17745560838278
1986,2,34,2,7.47233217593422
1986,3,34,2,7.48851464972996
1986,4,34,2,8.77940752617073
1987,1,34,2,7.74371034151295
1987,2,34,2,6.75426967699335
1987,3,34,2,6.78568786898388
1987,4,34,2,9.0592559554536
1988,1,34,2,7.54703540460953
1988,2,34,2,6.31061348546953
1988,3,34,2,5.87026644770686
1988,4,34,2,7.04072709412157
1989,1,34,2,6.92627377174561
1989,2,34,2,5.47638700946264
1989,3,34,2,6.0439174859502
1989,4,34,2,8.66724018429429
1990,1,34,2,8.85657125068377
1990,2,34,2,5.12235074000368
1990,3,34,2,8.16396610127508
1990,4,34,2,11.3472982086483
1991,1,34,2,8.59338602512395
1991,2,34,2,6.05800295722531
1991,3,34,2,7.3629458669012
1991,4,34,2,8.10826069129297
1992,1,34,2,9.84310178220702
1992,2,34,2,6.02982421882361
1992,3,34,2,6.63213422743787
1992,4,34,2,10.2322261013243
1993,1,34,2,9.9760809633294
1993,2,34,2,6.41987415094261
1993,3,34,2,7.16770860575258
1993,4,34,2,8.01466785688577
1994,1,34,2,7.47555490810657
1994,2,34,2,5.29573858261289
1994,3,34,2,7.14180399654083
1994,4,34,2,9.6392195939828
1995,1,34,2,9.39019779771901
1995,2,34,2,5.75685551389533
1995,3,34,2,4.67054400457382
1995,4,34,2,6.23771343252209
1996,1,34,2,5.90427852468619
1996,2,34,2,4.66842677593893
1996,3,34,2,5.36234959290219
1996,4,34,2,11.6074618793851
1997,1,34,2,7.00838814423465
1997,2,34,2,5.45094541924844
1997,3,34,2,5.53189031120099
1997,4,34,2,10.6725840198601
1998,1,34,2,9.62817276026281
1998,2,34,2,5.34245437947239
1998,3,34,2,6.58750548380123
1998,4,34,2,8.13109707406312
1999,1,34,2,5.6086372155282
1999,2,34,2,5.85052943485262
1999,3,34,2,5.92474328916215
1999,4,34,2,7.45411265474399
2000,1,34,2,5.58612477408052
2000,2,34,2,4.7880684860366
2000,3,34,2,6.65090578442847
2000,4,34,2,5.62748059316974
2001,1,34,2,4.52245802111281
2001,2,34,2,4.3692073583345
2001,3,34,2,4.34043750643549
2001,4,34,2,5.5619602383811
2002,1,34,2,5.18551935091148
2002,2,34,2,4.69920382271255
2002,3,34,2,5.59954908462984
2002,4,34,2,7.13587883893537
2003,1,34,2,6.91982636252792
2003,2,34,2,4.3245446921647
2003,3,34,2,4.99043603275579
2003,4,34,2,5.22810120040063
2004,1,34,2,4.66317471159205
2004,2,34,2,4.59883861558166
2004,3,34,2,5.98133920206107
2004,4,34,2,8.65461170812852
2005,1,34,2,6.95866710171429
2005,2,34,2,3.36996115302058
2005,3,34,2,5.77518776473469
2005,4,34,2,6.65677924601408
2006,1,34,2,4.92130137896068
2006,2,34,2,4.91362872490234
2006,3,34,2,4.29948687932907
2006,4,34,2,6.55696508824875
2007,1,34,2,6.82797973067196
2007,2,34,2,3.62450014023966
2007,3,34,2,5.67550848562681
2007,4,34,2,6.83977510245949
2008,1,34,2,5.02056704033826
2008,2,34,2,3.41237764992703
2008,3,34,2,3.91338095003652
2008,4,34,2,5.55488213633554
2009,1,34,2,4.23801831215127
2009,2,34,2,3.08421191745791
2009,3,34,2,4.50861882977567
2009,4,34,2,5.5203034202249
2010,1,34,2,5.19396591897541
2010,2,34,2,3.88374915997476
2010,3,34,2,4.16186713995552
2010,4,34,2,6.03868064311663
2011,1,34,2,6.12060824106134
2011,2,34,2,3.72277522693899
2011,3,34,2,4.46549855595013
2011,4,34,2,5.76073436521266
2012,1,34,2,5.3995000377061
2012,2,34,2,3.4922163416536
2012,3,34,2,4.44285149626591
2012,4,34,2,5.05636921582881
2013,1,34,2,4.67813517297901
2013,2,34,2,3.19137952133956
2013,3,34,2,4.15134699435324
2013,4,34,2,5.91596804477279
2014,1,34,2,5.91987724150137
2014,2,34,2,3.20162239963508
2014,3,34,2,5.0990642441207
2014,4,34,2,8.42085468972644
2015,1,34,2,8.56459195259085
2015,2,34,2,4.93018956224233
2015,3,34,2,5.13954299220291
2015,4,34,2,8.30716767934407
2016,1,34,2,6.46780274497562
2016,2,34,2,4.27317073743927
2016,3,34,2,3.92528925454277
2016,4,34,2,6.47775141388733
2017,1,34,2,6.41371305630555
2017,2,34,2,3.68856441312218
2017,3,34,2,3.47759194827534
2017,4,34,2,6.09002589552395
2018,1,34,2,5.09097282653379
2018,2,34,2,4.27285350652716
2018,3,34,2,3.25583828518949
2018,4,34,2,6.64438804607789
2019,1,34,2,6.82254450873742
2019,2,34,2,4.19652187897756
2019,3,34,2,3.97535049606833
2019,4,34,2,7.01564731871909
2020,1,34,2,6.50785241152775
2020,2,34,2,3.96350595485221
2020,3,34,2,4.39505552146334
2020,4,34,2,7.42930525459367
2021,1,34,2,5.37596301167282
2021,2,34,2,3.26224606373797
2021,3,34,2,4.41871327339805
2021,4,34,2,5.49955087808706
1952,1,35,3,6.36027705724043
1952,2,35,3,4.24092275358097
1952,3,35,3,3.70764814146094
1952,4,35,3,3.98398197568132
1953,1,35,3,4.30871789173435
1953,2,35,3,4.76104537431559
1953,3,35,3,5.42121353871363
1953,4,35,3,5.5650228480794
1954,1,35,3,4.75842352525935
1954,2,35,3,4.29285331889902
1954,3,35,3,3.68551402404905
1954,4,35,3,3.62734837076451
1955,1,35,3,4.61849634998774
1955,2,35,3,4.05297848823723
1955,3,35,3,4.53823142450126
1955,4,35,3,4.14012652527844
1956,1,35,3,5.40752301981078
1956,2,35,3,4.40631203880209
1956,3,35,3,5.28550247253873
1956,4,35,3,6.29490245077076
1957,1,35,3,6.09856525933637
1957,2,35,3,6.96481390298938
1957,3,35,3,5.79644864142937
1957,4,35,3,7.77876166664732
1958,1,35,3,6.44376598293096
1958,2,35,3,5.91595490793726
1958,3,35,3,6.00394393450346
1958,4,35,3,5.98031990978748
1959,1,35,3,5.16449042368916
1959,2,35,3,4.78735657280544
1959,3,35,3,3.84314467182498
1959,4,35,3,3.4970096306474
1960,1,35,3,3.38181528480697
1960,2,35,3,4.48956938775204
1960,3,35,3,3.74321540162092
1960,4,35,3,3.76892827347608
1961,1,35,3,4.05118649553317
1961,2,35,3,4.05953259974251
1961,3,35,3,3.35028793299318
1961,4,35,3,3.58035873702935
1962,1,35,3,2.98597671066579
1962,2,35,3,3.449534102898
1962,3,35,3,2.96847983220813
1962,4,35,3,2.98531935290425
1963,1,35,3,3.2608057190393
1963,2,35,3,3.63875768532677
1963,3,35,3,3.15157379600211
1963,4,35,3,3.57005566867484
1964,1,35,3,3.9582130980463
1964,2,35,3,3.36594640901801
1964,3,35,3,2.56293007475399
1964,4,35,3,2.58809456350237
1965,1,35,3,3.71115566957765
1965,2,35,3,3.22697693682074
1965,3,35,3,3.81827251640436
1965,4,35,3,3.50240834810818
1966,1,35,3,3.08760023470617
1966,2,35,3,2.98790764241957
1966,3,35,3,2.42892624419462
1966,4,35,3,2.74472741370196
1967,1,35,3,3.16081907970824
1967,2,35,3,2.77285180072571
1967,3,35,3,2.941302910683
1967,4,35,3,3.64674552706326
1968,1,35,3,2.79250969577818
1968,2,35,3,3.01040187877637
1968,3,35,3,2.82284489765259
1968,4,35,3,3.36163398363364
1969,1,35,3,4.42286741397425
1969,2,35,3,2.94905760916568
1969,3,35,3,3.44800571127754
1969,4,35,3,2.47640869525164
1970,1,35,3,2.1932491534399
1970,2,35,3,3.22299090353966
1970,3,35,3,1.92145717853089
1970,4,35,3,1.98892064111452
1971,1,35,3,2.37239083681638
1971,2,35,3,2.81645532665316
1971,3,35,3,2.61517875043776
1971,4,35,3,3.11006261203403
1972,1,35,3,3.86617177022127
1972,2,35,3,4.0165132373554
1972,3,35,3,4.22186327236764
1972,4,35,3,4.19166707712683
1973,1,35,3,3.18077621702571
1973,2,35,3,2.81981480666928
1973,3,35,3,2.24730835630857
1973,4,35,3,2.10227177312469
1974,1,35,3,2.24434900675891
1974,2,35,3,2.87501974743981
1974,3,35,3,3.48040893084908
1974,4,35,3,3.23083449762372
1975,1,35,3,3.30001461967345
1975,2,35,3,3.76612446802404
1975,3,35,3,3.25668551678127
1975,4,35,3,3.43044861654524
1976,1,35,3,2.88836081186826
1976,2,35,3,3.98154377252415
1976,3,35,3,3.68323470167715
1976,4,35,3,4.16403509572852
1977,1,35,3,4.27328456293746
1977,2,35,3,4.21546268554637
1977,3,35,3,4.11621248712855
1977,4,35,3,3.84188126446488
1978,1,35,3,3.1797094605487
1978,2,35,3,2.30464702814638
1978,3,35,3,2.55903609369823
1978,4,35,3,2.50881000780996
1979,1,35,3,2.91356436022774
1979,2,35,3,3.75619903878194
1979,3,35,3,3.87632997494833
1979,4,35,3,3.3996771943292
1980,1,35,3,3.42661028782854
1980,2,35,3,3.21326274213895
1980,3,35,3,2.19776658781839
1980,4,35,3,1.82626046225268
1981,1,35,3,2.26140670385675
1981,2,35,3,2.09721229472441
1981,3,35,3,1.60921032836777
1981,4,35,3,1.72783561222623
1982,1,35,3,2.63749829576498
1982,2,35,3,2.19055290072577
1982,3,35,3,1.75693122525499
1982,4,35,3,3.39043854882956
1983,1,35,3,1.97770553691651
1983,2,35,3,2.15235001672904
1983,3,35,3,2.01914186298242
1983,4,35,3,3.76431895389861
1984,1,35,3,2.68195716966977
1984,2,35,3,2.15269279986223
1984,3,35,3,2.42676509359267
1984,4,35,3,2.67307323704914
1985,1,35,3,3.03671145604427
1985,2,35,3,2.71823118790183
1985,3,35,3,2.97524233921717
1985,4,35,3,2.91760458468818
1986,1,35,3,2.97145077741739
1986,2,35,3,2.5126595621472
1986,3,35,3,2.4682047399412
1986,4,35,3,4.48584647549753
1987,1,35,3,3.3222106534465
1987,2,35,3,3.59843577974459
1987,3,35,3,3.38790330566775
1987,4,35,3,3.2641013141109
1988,1,35,3,2.4679731176442
1988,2,35,3,2.25228575345803
1988,3,35,3,2.45613702632946
1988,4,35,3,2.27583303533052
1989,1,35,3,2.3522490304953
1989,2,35,3,2.73392244476616
1989,3,35,3,3.04282767251597
1989,4,35,3,3.50763047465721
1990,1,35,3,4.06252283262023
1990,2,35,3,3.61798624869187
1990,3,35,3,4.52793478378339
1990,4,35,3,3.47958690593619
1991,1,35,3,3.56645549664184
1991,2,35,3,2.51041151633443
1991,3,35,3,2.97932588041583
1991,4,35,3,2.60019617986495
1992,1,35,3,3.35568919673382
1992,2,35,3,3.31659572609307
1992,3,35,3,3.16141530798609
1992,4,35,3,2.97738619568449
1993,1,35,3,3.00140960334851
1993,2,35,3,2.70603344347805
1993,3,35,3,2.92394141685615
1993,4,35,3,2.90937710907897
1994,1,35,3,2.54951003228435
1994,2,35,3,3.16307148934118
1994,3,35,3,3.14366938660146
1994,4,35,3,2.99638304263733
1995,1,35,3,3.16987044005297
1995,2,35,3,2.72967487594477
1995,3,35,3,2.16162249736059
1995,4,35,3,2.15788085383276
1996,1,35,3,2.65619445401681
1996,2,35,3,3.02655949781707
1996,3,35,3,2.26306191951222
1996,4,35,3,2.30376229474896
1997,1,35,3,2.93969481611347
1997,2,35,3,2.48166839096828
1997,3,35,3,2.96179213196613
1997,4,35,3,3.55198667582186
1998,1,35,3,3.46388268353226
1998,2,35,3,2.93677946647513
1998,3,35,3,2.76942720268886
1998,4,35,3,2.53505529514381
1999,1,35,3,2.26428861868746
1999,2,35,3,2.27102356235158
1999,3,35,3,2.67631427639616
1999,4,35,3,2.68705698412532
2000,1,35,3,2.30424764795297
2000,2,35,3,2.60272457734912
2000,3,35,3,2.92726111280823
2000,4,35,3,2.39050419750917
2001,1,35,3,2.68375130025464
2001,2,35,3,2.71240613157498
2001,3,35,3,2.97138737973749
2001,4,35,3,2.62244836815065
2002,1,35,3,2.9555719537558
2002,2,35,3,2.91207325208774
2002,3,35,3,3.27065145521757
2002,4,35,3,2.83788241396347
2003,1,35,3,2.55096075523545
2003,2,35,3,2.08252928424031
2003,3,35,3,2.5339699866823
2003,4,35,3,3.21884808891412
2004,1,35,3,2.74759600246078
2004,2,35,3,2.7264182952305
2004,3,35,3,2.48560810767962
2004,4,35,3,2.2879126092881
2005,1,35,3,1.87637201567705
2005,2,35,3,1.62866529820557
2005,3,35,3,1.66683671867726
2005,4,35,3,1.96432620857817
2006,1,35,3,2.83877706905012
2006,2,35,3,2.24733451443488
2006,3,35,3,2.45544607154607
2006,4,35,3,2.11618282243485
2007,1,35,3,1.89029280221226
2007,2,35,3,1.86277534676153
2007,3,35,3,1.96587532449858
2007,4,35,3,1.79533981814355
2008,1,35,3,2.33164182002217
2008,2,35,3,2.28286373441389
2008,3,35,3,2.31043477982996
2008,4,35,3,2.45491828773961
2009,1,35,3,2.98664085590358
2009,2,35,3,2.21947934568829
2009,3,35,3,2.43977824539073
2009,4,35,3,2.39789486878528
2010,1,35,3,1.96382887292446
2010,2,35,3,1.78986134692857
2010,3,35,3,1.56121974156773
2010,4,35,3,2.04750416082843
2011,1,35,3,1.73905437818075
2011,2,35,3,2.34641884731001
2011,3,35,3,2.73686786066387
2011,4,35,3,3.11079539363609
2012,1,35,3,2.57600118481371
2012,2,35,3,2.93649256676697
2012,3,35,3,2.42328252638379
2012,4,35,3,1.91776967574091
2013,1,35,3,2.20108523044618
2013,2,35,3,2.11499442540001
2013,3,35,3,2.25436340535368
2013,4,35,3,2.53341071017442
2014,1,35,3,4.07553258568235
2014,2,35,3,3.91289480207066
2014,3,35,3,3.76413919993479
2014,4,35,3,3.82359935072862
2015,1,35,3,3.4750523168699
2015,2,35,3,3.40398485698014
2015,3,35,3,2.64558974990011
2015,4,35,3,2.95647357605647
2016,1,35,3,1.65306662580183
2016,2,35,3,2.25416401767233
2016,3,35,3,2.35835385817843
2016,4,35,3,2.28175716726505
2017,1,35,3,2.49783131476742
2017,2,35,3,2.62155899962566
2017,3,35,3,2.67220086126161
2017,4,35,3,2.42573242265492
2018,1,35,3,2.44029604240017
2018,2,35,3,2.18314123511991
2018,3,35,3,2.36754536031883
2018,4,35,3,2.21085999545419
2019,1,35,3,2.4342571863588
2019,2,35,3,2.24162940158274
2019,3,35,3,2.23606893869342
2019,4,35,3,2.31946809176304
2020,1,35,3,2.34668661549425
2020,2,35,3,1.770861790963
2020,3,35,3,2.06129513257116
2020,4,35,3,1.6866084175356
2021,1,35,3,1.72780971737769
2021,2,35,3,1.78433028798218
2021,3,35,3,1.86647994328725
2021,4,35,3,2.25057558239643
1952,1,36,4,15.603118509624
1952,2,36,4,11.0583919652971
1952,3,36,4,14.8763027261506
1952,4,36,4,10.9435302247742
1953,1,36,4,11.1458667649012
1953,2,36,4,12.0245605888892
1953,3,36,4,12.3026768185863
1953,4,36,4,10.4618825942647
1954,1,36,4,9.19194590819857
1954,2,36,4,6.83626336688131
1954,3,36,4,10.4129912669808
1954,4,36,4,7.43076309350215
1955,1,36,4,8.67583782981996
1955,2,36,4,8.37006371363232
1955,3,36,4,8.14732811626158
1955,4,36,4,7.98877434506979
1956,1,36,4,8.12718278531258
1956,2,36,4,9.42154926723101
1956,3,36,4,13.589649924327
1956,4,36,4,8.83520740313685
1957,1,36,4,11.0928873509416
1957,2,36,4,13.5041674372133
1957,3,36,4,10.5801172185488
1957,4,36,4,10.8392872822835
1958,1,36,4,16.8296537583007
1958,2,36,4,11.6905152002591
1958,3,36,4,12.021050140779
1958,4,36,4,10.794095475709
1959,1,36,4,10.9489685065174
1959,2,36,4,9.4650613057995
1959,3,36,4,10.5064281140569
1959,4,36,4,10.8170774758319
1960,1,36,4,10.8638745560996
1960,2,36,4,11.667186277106
1960,3,36,4,11.2896849363557
1960,4,36,4,12.9718373338948
1961,1,36,4,10.695222661941
1961,2,36,4,11.9198156847727
1961,3,36,4,12.2290030184497
1961,4,36,4,10.4236907001753
1962,1,36,4,10.3629738427785
1962,2,36,4,11.6878204378975
1962,3,36,4,11.91583988526
1962,4,36,4,11.0485477098412
1963,1,36,4,11.0479801007664
1963,2,36,4,11.398230482206
1963,3,36,4,11.2333994440421
1963,4,36,4,10.7812714701899
1964,1,36,4,11.5659001616579
1964,2,36,4,9.33081908545348
1964,3,36,4,8.32611872127403
1964,4,36,4,9.23138437419494
1965,1,36,4,8.59139868488725
1965,2,36,4,9.1557031494697
1965,3,36,4,10.8276076034555
1965,4,36,4,10.0617076028656
1966,1,36,4,10.1702944774167
1966,2,36,4,9.782873281066
1966,3,36,4,8.69101947594931
1966,4,36,4,8.65182157637771
1967,1,36,4,10.7740189250597
1967,2,36,4,9.71860253831836
1967,3,36,4,8.70138469240784
1967,4,36,4,7.03135548934241
1968,1,36,4,9.0017488410406
1968,2,36,4,9.69627472085977
1968,3,36,4,7.85347855914648
1968,4,36,4,7.84387363232181
1969,1,36,4,10.2294348156318
1969,2,36,4,11.2716118530212
1969,3,36,4,10.8763772684066
1969,4,36,4,10.4351257067561
1970,1,36,4,8.0002969566305
1970,2,36,4,7.15857803177817
1970,3,36,4,7.19443553262336
1970,4,36,4,6.49345677669483
1971,1,36,4,11.69497989302
1971,2,36,4,8.0733171733486
1971,3,36,4,7.70737957407089
1971,4,36,4,6.39886786117009
1972,1,36,4,8.33987939921764
1972,2,36,4,9.65197961706457
1972,3,36,4,8.68144115103162
1972,4,36,4,7.92430363011041
1973,1,36,4,8.92505740048431
1973,2,36,4,8.71555731808009
1973,3,36,4,7.34272206938888
1973,4,36,4,7.1016669678902
1974,1,36,4,5.56191626847454
1974,2,36,4,7.61590084263454
1974,3,36,4,7.7233329896237
1974,4,36,4,6.94285368317977
1975,1,36,4,7.74955390861756
1975,2,36,4,11.9805707902518
1975,3,36,4,9.43195118594487
1975,4,36,4,8.32747611635721
1976,1,36,4,8.89055406710428
1976,2,36,4,10.0831072543787
1976,3,36,4,6.84190196292003
1976,4,36,4,6.5484262150098
1977,1,36,4,7.74136113040243
1977,2,36,4,8.71808231818813
1977,3,36,4,6.98679330892151
1977,4,36,4,8.9244017876817
1978,1,36,4,10.223191860919
1978,2,36,4,7.27492973126658
1978,3,36,4,7.63765545312251
1978,4,36,4,7.71948297212144
1979,1,36,4,7.58965065190773
1979,2,36,4,9.04439067286828
1979,3,36,4,9.50010481555946
1979,4,36,4,9.70258896986179
1980,1,36,4,7.18377325829573
1980,2,36,4,7.1183821113641
1980,3,36,4,5.28210611384879
1980,4,36,4,5.27928628340356
1981,1,36,4,5.66958387550769
1981,2,36,4,6.17806995337195
1981,3,36,4,5.04567999361795
1981,4,36,4,5.80730849421331
1982,1,36,4,5.86782758355048
1982,2,36,4,6.70400470456484
1982,3,36,4,6.05536588336137
1982,4,36,4,9.50846506581641
1983,1,36,4,8.46030066927984
1983,2,36,4,10.2235480387523
1983,3,36,4,6.28720559989561
1983,4,36,4,5.89744824748993
1984,1,36,4,6.27367880322282
1984,2,36,4,5.8537495704266
1984,3,36,4,6.82916827004214
1984,4,36,4,6.00818111036182
1985,1,36,4,7.31672353659603
1985,2,36,4,6.88488133951694
1985,3,36,4,6.36873907433227
1985,4,36,4,7.55152557468843
1986,1,36,4,5.84259385740636
1986,2,36,4,5.50231490356821
1986,3,36,4,6.88354759180753
1986,4,36,4,5.75976238277209
1987,1,36,4,7.91631126790119
1987,2,36,4,7.63493090666061
1987,3,36,4,7.33866270497858
1987,4,36,4,6.63745926112541
1988,1,36,4,5.80726575705303
1988,2,36,4,5.01907823739391
1988,3,36,4,4.05495257810814
1988,4,36,4,4.4233397974818
1989,1,36,4,4.02089402792056
1989,2,36,4,4.21151361212877
1989,3,36,4,5.15694828717956
1989,4,36,4,4.47125264360348
1990,1,36,4,4.9642089307443
1990,2,36,4,6.56025967045954
1990,3,36,4,6.97568312389153
1990,4,36,4,6.22997372583071
1991,1,36,4,5.59551543172712
1991,2,36,4,6.78691228438746
1991,3,36,4,6.26390113151132
1991,4,36,4,6.37912858771916
1992,1,36,4,8.4017042776871
1992,2,36,4,7.86793183287458
1992,3,36,4,7.97210376510045
1992,4,36,4,6.51692726070763
1993,1,36,4,5.56052922784478
1993,2,36,4,7.84988822453299
1993,3,36,4,7.56284513401623
1993,4,36,4,6.53933526916957
1994,1,36,4,5.78380036437786
1994,2,36,4,7.53949950828354
1994,3,36,4,9.12768020918195
1994,4,36,4,8.26445505461516
1995,1,36,4,6.20634579059857
1995,2,36,4,5.77230822723111
1995,3,36,4,5.26164305679797
1995,4,36,4,6.26663541052728
1996,1,36,4,4.85064568886442
1996,2,36,4,7.15071971475116
1996,3,36,4,4.71390311737429
1996,4,36,4,4.91287376139469
1997,1,36,4,5.60981809442352
1997,2,36,4,8.01818913800992
1997,3,36,4,9.41410776474895
1997,4,36,4,10.4336019597032
1998,1,36,4,13.6507243505886
1998,2,36,4,9.49609523462828
1998,3,36,4,7.8864770574103
1998,4,36,4,5.55186367640932
1999,1,36,4,4.70878168415216
1999,2,36,4,4.93112514775098
1999,3,36,4,4.30579604681371
1999,4,36,4,3.89029550863751
2000,1,36,4,4.16720088570238
2000,2,36,4,5.39169786823408
2000,3,36,4,5.66415480556105
2000,4,36,4,4.34369143450906
2001,1,36,4,4.10823336305902
2001,2,36,4,4.77962574622115
2001,3,36,4,4.79232919131197
2001,4,36,4,4.04661735933188
2002,1,36,4,4.80956965338522
2002,2,36,4,6.71830625372628
2002,3,36,4,7.08648767828886
2002,4,36,4,7.42593041270238
2003,1,36,4,6.16397622137089
2003,2,36,4,5.00582621529287
2003,3,36,4,4.80431300622016
2003,4,36,4,5.13242717098576
2004,1,36,4,5.55964291226748
2004,2,36,4,7.7079134413854
2004,3,36,4,7.87370211039349
2004,4,36,4,7.09868021596948
2005,1,36,4,5.90299492621737
2005,2,36,4,5.68711740779974
2005,3,36,4,5.15362008486773
2005,4,36,4,5.72324433746771
2006,1,36,4,4.23910375672923
2006,2,36,4,4.29410487265855
2006,3,36,4,5.87497495956095
2006,4,36,4,7.54516405696032
2007,1,36,4,6.60137851490712
2007,2,36,4,5.43906440122425
2007,3,36,4,5.60871611663897
2007,4,36,4,4.93657412532283
2008,1,36,4,4.01413837576732
2008,2,36,4,4.36345484047976
2008,3,36,4,4.49740385021432
2008,4,36,4,6.4199991548576
2009,1,36,4,5.68937658703317
2009,2,36,4,4.9469347698253
2009,3,36,4,5.44101033809512
2009,4,36,4,5.66935222127404
2010,1,36,4,5.43412498820692
2010,2,36,4,4.13551251104691
2010,3,36,4,4.47138956548168
2010,4,36,4,3.8116173543929
2011,1,36,4,4.50604992757727
2011,2,36,4,4.01856189052581
2011,3,36,4,4.72307087663993
2011,4,36,4,4.4524848229824
2012,1,36,4,4.07557716515279
2012,2,36,4,5.209172395361
2012,3,36,4,4.70125256303224
2012,4,36,4,4.25284756521676
2013,1,36,4,3.08052010404278
2013,2,36,4,3.23210641103706
2013,3,36,4,3.48309035091819
2013,4,36,4,5.54027278342793
2014,1,36,4,5.9726310421696
2014,2,36,4,5.45225868283068
2014,3,36,4,6.28753194900694
2014,4,36,4,7.54505640731613
2015,1,36,4,7.02696388323641
2015,2,36,4,5.58007105433454
2015,3,36,4,7.10515069353731
2015,4,36,4,8.94408628240087
2016,1,36,4,6.3949056126881
2016,2,36,4,3.64708456187617
2016,3,36,4,3.97867417801917
2016,4,36,4,5.51454618968833
2017,1,36,4,4.16164771955908
2017,2,36,4,3.75531332715367
2017,3,36,4,4.20059172722103
2017,4,36,4,4.43639696266176
2018,1,36,4,3.63401081773963
2018,2,36,4,3.55016682734401
2018,3,36,4,4.23343546476362
2018,4,36,4,4.96829214547142
2019,1,36,4,5.3066350024131
2019,2,36,4,5.30109051186034
2019,3,36,4,4.51132275534034
2019,4,36,4,4.38356229312665
2020,1,36,4,4.74092959134467
2020,2,36,4,4.39129127442791
2020,3,36,4,3.82208572052503
2020,4,36,4,4.96798469855854
2021,1,36,4,3.09926996909836
2021,2,36,4,4.14445784188907
2021,3,36,4,3.64431929339093
2021,4,36,4,3.99844634696597
1952,1,37,5,3.21070226285285
1952,2,37,5,2.20938663464803
1952,3,37,5,3.46275795492191
1952,4,37,5,2.66820354735691
1953,1,37,5,1.77420631472295
1953,2,37,5,2.43369506169964
1953,3,37,5,2.50469166808251
1953,4,37,5,2.10956244802732
1954,1,37,5,2.29628267875656
1954,2,37,5,2.2347415659948
1954,3,37,5,2.56253631651828
1954,4,37,5,2.28412004519664
1955,1,37,5,2.98228375250696
1955,2,37,5,2.11464645575873
1955,3,37,5,2.20806405741103
1955,4,37,5,2.44779742557471
1956,1,37,5,1.79596063132742
1956,2,37,5,2.10064760341566
1956,3,37,5,3.41326627773523
1956,4,37,5,2.906119426022
1957,1,37,5,3.65224224295456
1957,2,37,5,3.12000505048489
1957,3,37,5,3.00062942378869
1957,4,37,5,3.0007245137938
1958,1,37,5,4.12192792777027
1958,2,37,5,3.64067672752069
1958,3,37,5,2.66292456099647
1958,4,37,5,2.34195946529695
1959,1,37,5,3.60315063099337
1959,2,37,5,2.54919278323558
1959,3,37,5,3.65557786053226
1959,4,37,5,2.04165223330077
1960,1,37,5,2.72222660815472
1960,2,37,5,2.90069734768673
1960,3,37,5,2.5479717476086
1960,4,37,5,2.15151628121955
1961,1,37,5,4.75213224733567
1961,2,37,5,3.53816186797971
1961,3,37,5,2.26481218225819
1961,4,37,5,1.60863123213958
1962,1,37,5,2.33165264239395
1962,2,37,5,3.31398816626709
1962,3,37,5,3.51676602836164
1962,4,37,5,2.28455682775979
1963,1,37,5,2.71455895930138
1963,2,37,5,2.63661098524994
1963,3,37,5,2.17029462792884
1963,4,37,5,1.70933929642597
1964,1,37,5,1.56496136830115
1964,2,37,5,1.82451862909438
1964,3,37,5,1.74975877380159
1964,4,37,5,1.42308292853852
1965,1,37,5,2.27782312287186
1965,2,37,5,2.56507959983729
1965,3,37,5,1.90841169318881
1965,4,37,5,1.53396426095601
1966,1,37,5,1.59252579277049
1966,2,37,5,2.22454557195653
1966,3,37,5,1.73145424696558
1966,4,37,5,1.40569034803616
1967,1,37,5,1.72129727408066
1967,2,37,5,1.79970099759389
1967,3,37,5,2.16610919402077
1967,4,37,5,2.0001957849044
1968,1,37,5,1.71336774328723
1968,2,37,5,2.2721546595891
1968,3,37,5,2.12184954604292
1968,4,37,5,1.19466041619104
1969,1,37,5,1.75183341474378
1969,2,37,5,2.09608699298199
1969,3,37,5,2.732450711641
1969,4,37,5,2.18097173163076
1970,1,37,5,2.28889920161911
1970,2,37,5,2.13224516051583
1970,3,37,5,1.88816028667057
1970,4,37,5,1.75346971078552
1971,1,37,5,1.82745963233853
1971,2,37,5,1.49920593489383
1971,3,37,5,1.66836024966398
1971,4,37,5,1.09314553761773
1972,1,37,5,1.74852831500728
1972,2,37,5,1.8994289606686
1972,3,37,5,1.95720115971385
1972,4,37,5,1.51936268566944
1973,1,37,5,2.46129043089081
1973,2,37,5,1.87175581639685
1973,3,37,5,2.17046000545595
1973,4,37,5,1.44513540662412
1974,1,37,5,1.46625711229439
1974,2,37,5,1.69240169859577
1974,3,37,5,1.49784814857047
1974,4,37,5,1.08655092387915
1975,1,37,5,1.19749686412515
1975,2,37,5,1.76110481663175
1975,3,37,5,1.45335532884478
1975,4,37,5,1.57923616737154
1976,1,37,5,1.12859762231242
1976,2,37,5,1.69703251819589
1976,3,37,5,2.13593631884295
1976,4,37,5,1.82491544346031
1977,1,37,5,1.28340909613679
1977,2,37,5,1.81635914014059
1977,3,37,5,1.50210656818647
1977,4,37,5,1.65564480405951
1978,1,37,5,1.73296118412055
1978,2,37,5,1.91881230972357
1978,3,37,5,1.63341870965736
1978,4,37,5,1.43603000878467
1979,1,37,5,1.43284049485537
1979,2,37,5,2.12341281508772
1979,3,37,5,1.90351796234778
1979,4,37,5,1.47498942355282
1980,1,37,5,1.61512518343547
1980,2,37,5,2.16186208299975
1980,3,37,5,1.65129755493324
1980,4,37,5,1.64200927372098
1981,1,37,5,1.22351077728982
1981,2,37,5,1.42284917656172
1981,3,37,5,1.58597431176812
1981,4,37,5,1.35711863214963
1982,1,37,5,0.978253886803763
1982,2,37,5,1.32694500926749
1982,3,37,5,1.30227384149632
1982,4,37,5,0.836961142152453
1983,1,37,5,1.25328589588438
1983,2,37,5,2.31500529647695
1983,3,37,5,1.33332251853773
1983,4,37,5,1.48489301283987
1984,1,37,5,1.09055632535241
1984,2,37,5,1.59365531780835
1984,3,37,5,1.11136686377869
1984,4,37,5,1.1952996227865
1985,1,37,5,1.22127377733731
1985,2,37,5,1.63177129809994
1985,3,37,5,1.99535674082069
1985,4,37,5,1.70250511811651
1986,1,37,5,1.42759505316661
1986,2,37,5,1.88836580286447
1986,3,37,5,1.72686360347553
1986,4,37,5,2.05793459957081
1987,1,37,5,1.11856198810575
1987,2,37,5,1.39789097520793
1987,3,37,5,1.514537486428
1987,4,37,5,0.935640938983906
1988,1,37,5,1.0891747331718
1988,2,37,5,1.26782762328637
1988,3,37,5,1.04788830243612
1988,4,37,5,0.956686597491636
1989,1,37,5,0.847638909566567
1989,2,37,5,1.38341647375263
1989,3,37,5,0.765346159913012
1989,4,37,5,0.852496152303617
1990,1,37,5,1.02172128098564
1990,2,37,5,1.50218352042706
1990,3,37,5,1.31915237916963
1990,4,37,5,1.46304904045511
1991,1,37,5,1.20522582034807
1991,2,37,5,1.13057000779299
1991,3,37,5,1.17373297034391
1991,4,37,5,0.856286398741923
1992,1,37,5,0.846168540941997
1992,2,37,5,1.11412582709857
1992,3,37,5,0.936048323240912
1992,4,37,5,1.15062169598468
1993,1,37,5,0.732729642979307
1993,2,37,5,0.97344237871237
1993,3,37,5,1.14760776866299
1993,4,37,5,0.94391480211873
1994,1,37,5,1.05960026141151
1994,2,37,5,1.81672513439324
1994,3,37,5,1.1908604590186
1994,4,37,5,0.763840358727469
1995,1,37,5,0.791712369712424
1995,2,37,5,1.28227427736557
1995,3,37,5,1.11582528227241
1995,4,37,5,1.44546641717353
1996,1,37,5,1.45194684872356
1996,2,37,5,1.98370997535325
1996,3,37,5,2.43116904305776
1996,4,37,5,1.09840168307043
1997,1,37,5,1.69256632385
1997,2,37,5,2.23944162180133
1997,3,37,5,1.93343911666795
1997,4,37,5,1.92262828289671
1998,1,37,5,2.08570511025872
1998,2,37,5,2.02888443712168
1998,3,37,5,1.75779137928496
1998,4,37,5,1.28303292990008
1999,1,37,5,1.44126177848544
1999,2,37,5,1.4108650342974
1999,3,37,5,1.72863241085774
1999,4,37,5,1.35687102872047
2000,1,37,5,1.22275954162301
2000,2,37,5,1.83454789092231
2000,3,37,5,2.57416889659687
2000,4,37,5,1.73571656281319
2001,1,37,5,1.74543104967881
2001,2,37,5,1.9650893308984
2001,3,37,5,2.02165503958395
2001,4,37,5,1.77471818470948
2002,1,37,5,1.46232955307179
2002,2,37,5,2.00706530566552
2002,3,37,5,2.09806921739378
2002,4,37,5,1.64767034118163
2003,1,37,5,1.75645662267921
2003,2,37,5,2.03924187210819
2003,3,37,5,1.68199364889905
2003,4,37,5,1.51294226354343
2004,1,37,5,1.1965202502175
2004,2,37,5,1.80778037874434
2004,3,37,5,1.74532303545336
2004,4,37,5,1.20593017453287
2005,1,37,5,1.05610076455681
2005,2,37,5,1.53302096727305
2005,3,37,5,1.12919289242944
2005,4,37,5,0.956935335396073
2006,1,37,5,0.826995680948712
2006,2,37,5,1.2223548537849
2006,3,37,5,1.16258172309227
2006,4,37,5,0.999451537439215
2007,1,37,5,0.814383805842628
2007,2,37,5,1.22335546400621
2007,3,37,5,1.19098393214492
2007,4,37,5,1.38197409247541
2008,1,37,5,0.997081872661328
2008,2,37,5,1.60336713287189
2008,3,37,5,1.48275185566537
2008,4,37,5,0.799071478222534
2009,1,37,5,0.689585045887614
2009,2,37,5,1.07774288963413
2009,3,37,5,0.993907488765935
2009,4,37,5,0.88300743073334
2010,1,37,5,0.679244311476073
2010,2,37,5,0.967356954385719
2010,3,37,5,0.851380314505977
2010,4,37,5,0.723057280810414
2011,1,37,5,1.00307967364707
2011,2,37,5,1.00257984765519
2011,3,37,5,0.8289652327017
2011,4,37,5,0.729807005629241
2012,1,37,5,1.06251219425088
2012,2,37,5,1.05773891491325
2012,3,37,5,1.04680044559759
2012,4,37,5,0.648311997212113
2013,1,37,5,0.713404307767698
2013,2,37,5,0.837675373180363
2013,3,37,5,0.978487595844098
2013,4,37,5,0.78655911139731
2014,1,37,5,0.730890141314376
2014,2,37,5,1.18069784952479
2014,3,37,5,0.895509552886361
2014,4,37,5,0.647433728582851
2015,1,37,5,1.21934852812896
2015,2,37,5,1.08642054510997
2015,3,37,5,0.986709675966988
2015,4,37,5,0.772092859305551
2016,1,37,5,1.0402028237452
2016,2,37,5,1.12641537042301
2016,3,37,5,1.50915453676094
2016,4,37,5,0.774962069208012
2017,1,37,5,0.869673916940191
2017,2,37,5,0.805354921421271
2017,3,37,5,1.03867709059071
2017,4,37,5,0.733280071019117
2018,1,37,5,0.704188436331418
2018,2,37,5,0.824243435920616
2018,3,37,5,0.755512895870581
2018,4,37,5,0.743689015486682
2019,1,37,5,0.668873373724221
2019,2,37,5,0.663327145254126
2019,3,37,5,0.612206680286773
2019,4,37,5,0.568503405956332
2020,1,37,5,0.619933837441212
2020,2,37,5,0.684677088642651
2020,3,37,5,0.732865158449366
2020,4,37,5,0.930297077094477
2021,1,37,5,0.687280723508594
2021,2,37,5,0.705902419801812
2021,3,37,5,0.938256800643185
2021,4,37,5,0.547759022687518
