rel.group,rel.area,rel.year,rel.season,program,rel.length,rec.fishery,rec.year,rec.season,rec.number
1,3,1990,2,RTTP,46,13,1990,2,1
1,3,1990,2,RTTP,48,13,1990,2,3
1,3,1990,2,RTTP,52,13,1990,2,1
1,3,1990,2,RTTP,52,13,1991,1,1
1,3,1990,2,RTTP,54,13,1990,2,3
1,3,1990,2,RTTP,54,15,1990,3,1
1,3,1990,2,RTTP,56,13,1990,2,2
1,3,1990,2,RTTP,60,13,1990,2,2
2,3,1990,3,RTTP,38,13,1990,3,1
2,3,1990,3,RTTP,40,13,1991,3,1
2,3,1990,3,RTTP,42,13,1991,1,1
3,3,1991,3,RTTP,30,13,1991,3,3
3,3,1991,3,RTTP,30,15,1992,2,1
3,3,1991,3,RTTP,32,13,1991,3,1
3,3,1991,3,RTTP,38,11,1994,1,1
3,3,1991,3,RTTP,40,13,1991,4,1
3,3,1991,3,RTTP,42,13,1991,3,1
3,3,1991,3,RTTP,50,13,1991,3,1
5,3,1992,3,RTTP,38,14,1992,3,1
6,4,1991,3,RTTP,38,15,1993,2,1
6,4,1991,3,RTTP,42,25,1991,4,1
6,4,1991,3,RTTP,48,13,1992,2,1
6,4,1991,3,RTTP,66,13,1992,3,1
7,4,1992,1,RTTP,46,15,1993,3,1
7,4,1992,1,RTTP,48,4,1994,3,1
7,4,1992,1,RTTP,48,15,1992,4,1
7,4,1992,1,RTTP,48,15,1993,3,1
7,4,1992,1,RTTP,48,16,1993,2,1
7,4,1992,1,RTTP,50,13,1992,2,2
7,4,1992,1,RTTP,50,13,1992,3,1
7,4,1992,1,RTTP,50,13,1992,4,2
7,4,1992,1,RTTP,50,13,1993,1,1
7,4,1992,1,RTTP,50,15,1992,1,1
7,4,1992,1,RTTP,50,15,1993,1,1
7,4,1992,1,RTTP,50,16,1993,1,1
7,4,1992,1,RTTP,50,16,1993,2,1
7,4,1992,1,RTTP,52,13,1992,2,2
7,4,1992,1,RTTP,52,13,1993,2,1
7,4,1992,1,RTTP,52,15,1992,2,1
7,4,1992,1,RTTP,52,15,1992,4,1
7,4,1992,1,RTTP,52,15,1993,1,1
7,4,1992,1,RTTP,52,15,1993,3,1
7,4,1992,1,RTTP,54,2,1993,4,1
7,4,1992,1,RTTP,54,9,1997,2,1
7,4,1992,1,RTTP,54,15,1992,1,2
8,4,1992,2,RTTP,42,13,1993,1,1
8,4,1992,2,RTTP,44,15,1993,2,1
8,4,1992,2,RTTP,44,16,1992,2,1
8,4,1992,2,RTTP,48,13,1993,1,1
8,4,1992,2,RTTP,48,13,1993,2,1
8,4,1992,2,RTTP,48,15,1992,2,1
8,4,1992,2,RTTP,48,15,1992,4,1
8,4,1992,2,RTTP,50,13,1992,2,2
8,4,1992,2,RTTP,50,13,1992,4,1
8,4,1992,2,RTTP,50,15,1992,2,3
8,4,1992,2,RTTP,50,15,1993,2,1
8,4,1992,2,RTTP,50,15,1993,3,1
8,4,1992,2,RTTP,50,16,1992,4,1
8,4,1992,2,RTTP,52,13,1992,2,5
8,4,1992,2,RTTP,52,13,1993,2,1
8,4,1992,2,RTTP,52,14,1992,2,1
8,4,1992,2,RTTP,52,15,1992,2,4
8,4,1992,2,RTTP,52,15,1992,4,2
8,4,1992,2,RTTP,52,15,1993,1,1
8,4,1992,2,RTTP,52,15,1993,3,1
8,4,1992,2,RTTP,52,16,1992,2,1
8,4,1992,2,RTTP,52,16,1993,3,1
8,4,1992,2,RTTP,54,13,1992,2,3
8,4,1992,2,RTTP,54,13,1992,4,3
8,4,1992,2,RTTP,54,13,1993,1,1
8,4,1992,2,RTTP,54,15,1992,2,3
8,4,1992,2,RTTP,54,15,1993,1,1
8,4,1992,2,RTTP,54,15,1993,3,1
8,4,1992,2,RTTP,54,16,1992,2,2
8,4,1992,2,RTTP,54,16,1993,2,1
8,4,1992,2,RTTP,56,9,1994,1,1
8,4,1992,2,RTTP,56,13,1992,2,1
8,4,1992,2,RTTP,56,13,1992,3,1
8,4,1992,2,RTTP,56,13,1993,3,1
8,4,1992,2,RTTP,56,14,1992,2,1
8,4,1992,2,RTTP,56,16,1992,2,1
8,4,1992,2,RTTP,58,9,1997,4,1
8,4,1992,2,RTTP,58,13,1992,2,1
8,4,1992,2,RTTP,58,15,1992,4,2
8,4,1992,2,RTTP,58,15,1993,1,1
8,4,1992,2,RTTP,58,16,1992,2,1
8,4,1992,2,RTTP,94,9,1995,4,1
8,4,1992,2,RTTP,100,4,2001,1,1
8,4,1992,2,RTTP,104,4,1994,2,1
9,5,1991,1,RTTP,56,10,1991,1,1
9,5,1991,1,RTTP,58,8,2000,2,1
9,5,1991,1,RTTP,58,17,1992,1,1
9,5,1991,1,RTTP,58,25,1991,1,1
9,5,1991,1,RTTP,58,25,1991,3,1
9,5,1991,1,RTTP,58,26,1991,1,1
9,5,1991,1,RTTP,60,10,1991,1,1
9,5,1991,1,RTTP,60,25,1991,1,1
9,5,1991,1,RTTP,60,25,1991,4,1
9,5,1991,1,RTTP,60,26,1991,4,1
9,5,1991,1,RTTP,62,25,1991,1,1
9,5,1991,1,RTTP,62,26,1992,1,1
9,5,1991,1,RTTP,64,26,1991,4,1
9,5,1991,1,RTTP,66,25,1991,4,1
9,5,1991,1,RTTP,66,26,1991,1,1
9,5,1991,1,RTTP,68,10,1991,1,1
9,5,1991,1,RTTP,68,25,1991,1,1
9,5,1991,1,RTTP,68,26,1991,1,1
9,5,1991,1,RTTP,70,25,1991,1,4
9,5,1991,1,RTTP,70,26,1991,4,4
9,5,1991,1,RTTP,72,10,1991,1,1
9,5,1991,1,RTTP,72,25,1991,1,1
9,5,1991,1,RTTP,72,26,1991,1,1
9,5,1991,1,RTTP,72,26,1991,4,2
9,5,1991,1,RTTP,74,26,1991,4,1
10,6,2000,4,RTTP,96,12,2013,1,1
10,6,2000,4,RTTP,102,12,2000,4,1
10,6,2000,4,RTTP,108,9,2004,3,1
10,6,2000,4,RTTP,110,12,2000,4,1
11,7,1990,3,RTTP,34,23,1991,4,1
11,7,1990,3,RTTP,34,24,1990,3,1
11,7,1990,3,RTTP,38,25,1991,2,1
11,7,1990,3,RTTP,40,28,1991,2,1
11,7,1990,3,RTTP,44,7,1991,3,1
11,7,1990,3,RTTP,50,17,1990,3,1
12,7,1991,1,RTTP,30,28,1991,1,1
12,7,1991,1,RTTP,32,28,1991,1,2
12,7,1991,1,RTTP,32,28,1991,4,1
12,7,1991,1,RTTP,38,28,1991,1,3
12,7,1991,1,RTTP,42,23,1991,1,1
13,7,1991,2,RTTP,34,13,1992,2,1
13,7,1991,2,RTTP,38,17,1991,2,1
13,7,1991,2,RTTP,42,17,1992,3,1
14,7,1992,3,RTTP,24,17,1992,3,6
14,7,1992,3,RTTP,26,17,1992,3,14
14,7,1992,3,RTTP,28,17,1992,3,113
14,7,1992,3,RTTP,28,17,1993,1,1
14,7,1992,3,RTTP,28,24,1992,3,2
14,7,1992,3,RTTP,30,17,1992,3,73
14,7,1992,3,RTTP,30,17,1993,1,1
14,7,1992,3,RTTP,30,24,1992,3,1
14,7,1992,3,RTTP,32,17,1992,3,17
14,7,1992,3,RTTP,32,17,1993,2,1
14,7,1992,3,RTTP,34,17,1992,3,17
14,7,1992,3,RTTP,36,17,1992,3,5
14,7,1992,3,RTTP,36,17,1992,4,1
14,7,1992,3,RTTP,38,28,1992,3,1
14,7,1992,3,RTTP,44,17,1992,3,1
15,7,1992,4,RTTP,26,17,1992,4,4
15,7,1992,4,RTTP,28,17,1992,4,8
15,7,1992,4,RTTP,30,17,1992,4,4
15,7,1992,4,RTTP,30,17,1993,2,1
15,7,1992,4,RTTP,30,24,1992,4,1
15,7,1992,4,RTTP,32,17,1992,4,9
15,7,1992,4,RTTP,34,17,1992,4,6
15,7,1992,4,RTTP,36,17,1992,4,26
15,7,1992,4,RTTP,36,17,1993,2,1
15,7,1992,4,RTTP,38,17,1992,4,25
15,7,1992,4,RTTP,40,17,1992,4,10
15,7,1992,4,RTTP,42,17,1992,4,4
15,7,1992,4,RTTP,46,17,1992,4,3
15,7,1992,4,RTTP,48,17,1992,4,1
16,8,1989,4,RTTP,36,25,1989,4,1
16,8,1989,4,RTTP,36,25,1990,1,1
16,8,1989,4,RTTP,38,25,1989,4,3
16,8,1989,4,RTTP,38,25,1991,4,1
16,8,1989,4,RTTP,46,25,1989,4,1
16,8,1989,4,RTTP,48,4,1992,1,1
17,8,1990,1,RTTP,46,25,1990,4,1
17,8,1990,1,RTTP,48,13,1990,1,2
17,8,1990,1,RTTP,48,13,1990,3,1
17,8,1990,1,RTTP,48,13,1990,4,2
17,8,1990,1,RTTP,48,15,1990,3,1
17,8,1990,1,RTTP,48,24,1990,3,1
17,8,1990,1,RTTP,48,25,1990,1,1
17,8,1990,1,RTTP,48,25,1990,2,1
17,8,1990,1,RTTP,48,25,1990,3,3
17,8,1990,1,RTTP,50,13,1990,1,1
17,8,1990,1,RTTP,50,13,1990,3,2
17,8,1990,1,RTTP,50,25,1990,4,1
17,8,1990,1,RTTP,50,26,1990,1,1
18,8,1990,2,RTTP,44,13,1991,2,1
18,8,1990,2,RTTP,54,13,1990,2,1
18,8,1990,2,RTTP,54,13,1991,3,1
18,8,1990,2,RTTP,54,25,1990,2,5
18,8,1990,2,RTTP,54,26,1990,2,1
18,8,1990,2,RTTP,56,13,1990,2,1
18,8,1990,2,RTTP,56,13,1991,1,1
18,8,1990,2,RTTP,56,25,1990,2,8
18,8,1990,2,RTTP,56,25,1991,3,1
18,8,1990,2,RTTP,56,26,1990,2,1
18,8,1990,2,RTTP,58,13,1990,2,1
18,8,1990,2,RTTP,58,13,1990,3,1
18,8,1990,2,RTTP,58,13,1990,4,2
18,8,1990,2,RTTP,58,13,1991,3,1
18,8,1990,2,RTTP,58,25,1990,2,1
18,8,1990,2,RTTP,58,26,1990,2,1
19,8,1991,1,RTTP,32,15,1992,1,1
19,8,1991,1,RTTP,48,26,1991,1,1
20,8,1992,3,RTTP,56,13,1992,3,1
20,8,1992,3,RTTP,56,26,1992,3,1
20,8,1992,3,RTTP,58,13,1993,1,1
20,8,1992,3,RTTP,60,13,1993,1,1
21,9,1991,4,RTTP,58,27,1995,3,1
21,9,1991,4,RTTP,60,4,1995,4,1
21,9,1991,4,RTTP,60,9,1998,1,1
21,9,1991,4,RTTP,60,9,2003,3,1
21,9,1991,4,RTTP,60,27,1996,1,1
21,9,1991,4,RTTP,62,25,1992,2,1
21,9,1991,4,RTTP,62,27,1991,4,1
21,9,1991,4,RTTP,62,27,1994,3,1
21,9,1991,4,RTTP,64,4,1998,2,1
21,9,1991,4,RTTP,64,9,1995,2,1
21,9,1991,4,RTTP,64,27,1991,4,1
21,9,1991,4,RTTP,64,27,1995,2,1
21,9,1991,4,RTTP,64,27,1995,3,1
21,9,1991,4,RTTP,64,27,1996,1,1
21,9,1991,4,RTTP,64,27,1997,4,1
21,9,1991,4,RTTP,64,27,1998,1,2
21,9,1991,4,RTTP,64,27,2005,3,1
21,9,1991,4,RTTP,66,27,1991,4,1
21,9,1991,4,RTTP,66,27,1993,3,1
21,9,1991,4,RTTP,66,27,1994,3,2
21,9,1991,4,RTTP,66,27,1996,4,1
21,9,1991,4,RTTP,66,27,2000,3,1
21,9,1991,4,RTTP,68,8,1998,1,1
21,9,1991,4,RTTP,68,9,1993,2,1
21,9,1991,4,RTTP,68,11,1994,3,1
21,9,1991,4,RTTP,68,11,1997,2,1
21,9,1991,4,RTTP,68,27,1991,4,1
21,9,1991,4,RTTP,68,27,1993,2,1
21,9,1991,4,RTTP,68,27,1995,3,1
21,9,1991,4,RTTP,68,27,1997,4,1
21,9,1991,4,RTTP,70,9,1994,2,1
21,9,1991,4,RTTP,70,9,1994,3,1
21,9,1991,4,RTTP,70,27,1992,2,1
21,9,1991,4,RTTP,70,27,1993,3,2
21,9,1991,4,RTTP,72,27,1991,4,1
21,9,1991,4,RTTP,74,11,1997,2,1
21,9,1991,4,RTTP,74,27,1991,4,2
21,9,1991,4,RTTP,74,27,1994,3,1
21,9,1991,4,RTTP,74,27,1994,4,1
21,9,1991,4,RTTP,74,27,1995,3,1
21,9,1991,4,RTTP,74,27,1996,2,1
21,9,1991,4,RTTP,76,11,1993,1,1
21,9,1991,4,RTTP,76,12,1994,3,1
21,9,1991,4,RTTP,76,27,1992,3,1
21,9,1991,4,RTTP,76,27,1993,1,1
21,9,1991,4,RTTP,76,27,1994,3,1
21,9,1991,4,RTTP,76,27,1995,2,2
21,9,1991,4,RTTP,76,27,1996,2,1
21,9,1991,4,RTTP,78,4,1996,2,1
21,9,1991,4,RTTP,78,9,1994,2,1
21,9,1991,4,RTTP,78,9,1998,1,1
21,9,1991,4,RTTP,78,10,1999,3,1
21,9,1991,4,RTTP,78,27,1991,4,3
21,9,1991,4,RTTP,78,27,1992,3,1
21,9,1991,4,RTTP,78,27,1994,2,2
21,9,1991,4,RTTP,78,27,1994,3,1
21,9,1991,4,RTTP,78,27,1995,2,4
21,9,1991,4,RTTP,78,27,1995,3,3
21,9,1991,4,RTTP,78,27,1996,2,2
21,9,1991,4,RTTP,78,27,1996,3,1
21,9,1991,4,RTTP,78,27,1997,2,1
21,9,1991,4,RTTP,78,27,1997,4,1
21,9,1991,4,RTTP,78,27,1998,2,1
21,9,1991,4,RTTP,78,27,2000,3,1
21,9,1991,4,RTTP,80,9,1993,2,1
21,9,1991,4,RTTP,80,9,1998,2,1
21,9,1991,4,RTTP,80,11,1993,3,1
21,9,1991,4,RTTP,80,11,1994,1,1
21,9,1991,4,RTTP,80,11,1994,3,1
21,9,1991,4,RTTP,80,12,1997,2,1
21,9,1991,4,RTTP,80,25,1991,4,1
21,9,1991,4,RTTP,80,27,1991,4,8
21,9,1991,4,RTTP,80,27,1992,2,1
21,9,1991,4,RTTP,80,27,1992,3,1
21,9,1991,4,RTTP,80,27,1993,1,1
21,9,1991,4,RTTP,80,27,1993,2,2
21,9,1991,4,RTTP,80,27,1993,3,3
21,9,1991,4,RTTP,80,27,1994,2,2
21,9,1991,4,RTTP,80,27,1994,3,4
21,9,1991,4,RTTP,80,27,1995,2,3
21,9,1991,4,RTTP,80,27,1996,2,2
21,9,1991,4,RTTP,80,27,1996,3,2
21,9,1991,4,RTTP,80,27,1997,2,1
21,9,1991,4,RTTP,80,27,1997,3,1
21,9,1991,4,RTTP,80,27,1997,4,1
21,9,1991,4,RTTP,80,27,1999,2,1
21,9,1991,4,RTTP,82,8,1994,3,1
21,9,1991,4,RTTP,82,10,1998,1,1
21,9,1991,4,RTTP,82,11,1994,2,1
21,9,1991,4,RTTP,82,27,1991,4,2
21,9,1991,4,RTTP,82,27,1992,4,1
21,9,1991,4,RTTP,82,27,1994,2,1
21,9,1991,4,RTTP,82,27,1994,3,4
21,9,1991,4,RTTP,82,27,1995,2,6
21,9,1991,4,RTTP,82,27,1995,4,1
21,9,1991,4,RTTP,82,27,1997,4,1
21,9,1991,4,RTTP,82,27,2000,4,1
21,9,1991,4,RTTP,84,10,1998,3,1
21,9,1991,4,RTTP,84,11,1994,3,1
21,9,1991,4,RTTP,84,11,2002,3,1
21,9,1991,4,RTTP,84,27,1991,4,3
21,9,1991,4,RTTP,84,27,1992,3,1
21,9,1991,4,RTTP,84,27,1994,2,4
21,9,1991,4,RTTP,84,27,1994,3,1
21,9,1991,4,RTTP,84,27,1995,2,4
21,9,1991,4,RTTP,84,27,1995,3,4
21,9,1991,4,RTTP,84,27,1996,2,1
21,9,1991,4,RTTP,84,27,1997,2,2
21,9,1991,4,RTTP,84,27,1998,1,1
21,9,1991,4,RTTP,86,11,1994,3,1
21,9,1991,4,RTTP,86,27,1991,4,4
21,9,1991,4,RTTP,86,27,1994,2,1
21,9,1991,4,RTTP,86,27,1994,3,2
21,9,1991,4,RTTP,86,27,1995,2,1
21,9,1991,4,RTTP,86,27,1995,4,1
21,9,1991,4,RTTP,88,4,1994,3,1
21,9,1991,4,RTTP,88,11,1993,2,1
21,9,1991,4,RTTP,88,27,1991,4,7
21,9,1991,4,RTTP,88,27,1992,3,1
21,9,1991,4,RTTP,88,27,1993,2,1
21,9,1991,4,RTTP,88,27,1994,2,2
21,9,1991,4,RTTP,88,27,1995,2,1
21,9,1991,4,RTTP,88,27,1996,4,1
21,9,1991,4,RTTP,88,27,1999,2,1
21,9,1991,4,RTTP,90,4,1996,2,2
21,9,1991,4,RTTP,90,9,1994,3,1
21,9,1991,4,RTTP,90,25,1991,4,1
21,9,1991,4,RTTP,90,25,1992,2,1
21,9,1991,4,RTTP,90,27,1991,4,2
21,9,1991,4,RTTP,90,27,1992,2,2
21,9,1991,4,RTTP,90,27,1993,2,1
21,9,1991,4,RTTP,90,27,1993,3,1
21,9,1991,4,RTTP,90,27,1994,2,1
21,9,1991,4,RTTP,90,27,1994,4,1
21,9,1991,4,RTTP,90,27,1995,3,1
21,9,1991,4,RTTP,90,27,1996,1,1
21,9,1991,4,RTTP,90,27,1996,2,1
21,9,1991,4,RTTP,90,27,1998,1,1
21,9,1991,4,RTTP,92,11,1993,1,1
21,9,1991,4,RTTP,92,11,1998,3,1
21,9,1991,4,RTTP,92,27,1991,4,2
21,9,1991,4,RTTP,92,27,1993,2,1
21,9,1991,4,RTTP,92,27,1993,3,1
21,9,1991,4,RTTP,92,27,1995,2,1
21,9,1991,4,RTTP,92,27,1996,4,1
21,9,1991,4,RTTP,92,27,1997,4,1
21,9,1991,4,RTTP,94,9,1997,3,1
21,9,1991,4,RTTP,94,27,1991,4,1
21,9,1991,4,RTTP,94,27,1993,2,1
21,9,1991,4,RTTP,94,27,1994,2,1
21,9,1991,4,RTTP,94,27,1994,4,1
21,9,1991,4,RTTP,94,27,1995,2,1
21,9,1991,4,RTTP,94,27,1996,2,1
21,9,1991,4,RTTP,94,27,1996,4,1
21,9,1991,4,RTTP,94,27,1998,3,1
21,9,1991,4,RTTP,96,27,1991,4,2
21,9,1991,4,RTTP,96,27,1992,3,1
21,9,1991,4,RTTP,96,27,1993,4,1
21,9,1991,4,RTTP,96,27,1994,3,1
21,9,1991,4,RTTP,96,27,1995,2,2
21,9,1991,4,RTTP,96,27,1995,3,1
21,9,1991,4,RTTP,96,27,1995,4,1
21,9,1991,4,RTTP,96,27,1996,3,2
21,9,1991,4,RTTP,96,27,1998,4,1
21,9,1991,4,RTTP,98,10,1998,4,1
21,9,1991,4,RTTP,98,27,1995,2,1
21,9,1991,4,RTTP,98,27,1995,3,1
21,9,1991,4,RTTP,98,27,1997,4,2
21,9,1991,4,RTTP,98,27,1998,1,1
21,9,1991,4,RTTP,98,27,1998,4,1
21,9,1991,4,RTTP,100,11,1992,3,1
21,9,1991,4,RTTP,100,27,1991,4,3
21,9,1991,4,RTTP,100,27,1993,3,1
21,9,1991,4,RTTP,100,27,1994,2,1
21,9,1991,4,RTTP,100,27,1994,3,2
21,9,1991,4,RTTP,100,27,1996,3,1
21,9,1991,4,RTTP,102,4,1994,2,1
21,9,1991,4,RTTP,102,27,1994,3,1
21,9,1991,4,RTTP,102,27,1995,2,1
21,9,1991,4,RTTP,104,27,1993,3,1
21,9,1991,4,RTTP,116,4,1992,4,1
21,9,1991,4,RTTP,126,27,1996,4,1
21,9,1991,4,RTTP,128,4,1993,2,1
22,9,1992,4,RTTP,56,27,1995,3,1
22,9,1992,4,RTTP,60,27,1994,2,1
22,9,1992,4,RTTP,62,27,1995,4,1
22,9,1992,4,RTTP,62,27,1997,2,1
22,9,1992,4,RTTP,64,11,1992,4,1
22,9,1992,4,RTTP,64,27,1992,4,1
22,9,1992,4,RTTP,64,27,1994,3,1
22,9,1992,4,RTTP,64,27,1995,2,1
22,9,1992,4,RTTP,66,27,1994,2,1
22,9,1992,4,RTTP,66,27,1994,3,1
22,9,1992,4,RTTP,66,27,1997,2,1
22,9,1992,4,RTTP,66,27,1998,1,1
22,9,1992,4,RTTP,68,27,1995,1,1
22,9,1992,4,RTTP,68,27,1997,4,2
22,9,1992,4,RTTP,70,27,1994,2,1
22,9,1992,4,RTTP,70,27,1995,3,1
22,9,1992,4,RTTP,72,11,1993,3,1
22,9,1992,4,RTTP,72,27,1993,3,1
22,9,1992,4,RTTP,72,27,1998,3,1
22,9,1992,4,RTTP,72,27,2001,3,1
22,9,1992,4,RTTP,88,27,1995,4,1
22,9,1992,4,RTTP,92,9,1996,3,1
22,9,1992,4,RTTP,92,27,1992,4,1
22,9,1992,4,RTTP,92,27,1995,3,1
22,9,1992,4,RTTP,94,25,1993,3,1
22,9,1992,4,RTTP,94,27,1997,4,1
22,9,1992,4,RTTP,96,27,1997,4,1
22,9,1992,4,RTTP,96,27,1998,3,1
22,9,1992,4,RTTP,98,10,1998,1,1
22,9,1992,4,RTTP,98,11,1996,2,1
22,9,1992,4,RTTP,100,27,1995,3,1
22,9,1992,4,RTTP,102,27,1993,1,1
22,9,1992,4,RTTP,108,27,1995,2,1
22,9,1992,4,RTTP,110,11,1994,3,1
22,9,1992,4,RTTP,112,10,1999,3,1
22,9,1992,4,RTTP,120,27,1997,4,1
23,9,1995,4,RTTP,60,27,1998,4,1
23,9,1995,4,RTTP,62,27,1997,2,1
23,9,1995,4,RTTP,64,27,1997,4,1
23,9,1995,4,RTTP,64,27,2001,4,1
23,9,1995,4,RTTP,74,10,1997,3,1
23,9,1995,4,RTTP,74,27,1997,3,1
23,9,1995,4,RTTP,76,10,2002,2,1
23,9,1995,4,RTTP,76,27,1996,4,1
23,9,1995,4,RTTP,76,27,1997,4,1
23,9,1995,4,RTTP,78,10,1998,1,1
23,9,1995,4,RTTP,78,27,1997,1,1
23,9,1995,4,RTTP,78,27,1997,4,1
23,9,1995,4,RTTP,78,27,1998,1,1
23,9,1995,4,RTTP,78,27,2000,4,1
23,9,1995,4,RTTP,80,27,1997,4,2
23,9,1995,4,RTTP,80,27,1998,4,1
23,9,1995,4,RTTP,82,10,2001,1,1
23,9,1995,4,RTTP,82,27,1996,2,1
23,9,1995,4,RTTP,84,27,1997,4,1
23,9,1995,4,RTTP,108,27,1996,2,1
23,9,1995,4,RTTP,112,10,2001,2,1
23,9,1995,4,RTTP,124,27,2002,2,1
24,9,1999,4,RTTP,74,27,2000,4,2
24,9,1999,4,RTTP,76,27,2000,4,1
24,9,1999,4,RTTP,78,27,2003,2,1
24,9,1999,4,RTTP,84,27,2000,4,1
24,9,1999,4,RTTP,86,27,2003,2,2
25,9,2001,4,RTTP,70,27,2001,4,2
25,9,2001,4,RTTP,76,9,2004,4,2
25,9,2001,4,RTTP,76,27,2001,4,5
25,9,2001,4,RTTP,76,27,2002,3,4
25,9,2001,4,RTTP,76,27,2002,4,4
25,9,2001,4,RTTP,78,27,2001,4,4
25,9,2001,4,RTTP,78,27,2002,3,4
25,9,2001,4,RTTP,78,27,2002,4,6
25,9,2001,4,RTTP,80,10,2002,2,2
25,9,2001,4,RTTP,80,27,2001,4,4
25,9,2001,4,RTTP,80,27,2002,3,14
25,9,2001,4,RTTP,80,27,2003,3,2
25,9,2001,4,RTTP,82,27,2002,2,3
25,9,2001,4,RTTP,82,27,2002,3,4
25,9,2001,4,RTTP,82,27,2002,4,8
25,9,2001,4,RTTP,82,27,2003,1,2
25,9,2001,4,RTTP,82,27,2003,2,2
25,9,2001,4,RTTP,84,27,2002,3,2
25,9,2001,4,RTTP,84,27,2002,4,5
25,9,2001,4,RTTP,84,27,2003,3,2
25,9,2001,4,RTTP,86,11,2003,2,2
25,9,2001,4,RTTP,86,27,2002,3,2
25,9,2001,4,RTTP,86,27,2003,3,4
25,9,2001,4,RTTP,88,4,2003,4,2
25,9,2001,4,RTTP,88,27,2001,4,2
25,9,2001,4,RTTP,88,27,2002,4,4
25,9,2001,4,RTTP,90,27,2002,2,2
25,9,2001,4,RTTP,90,27,2002,4,2
25,9,2001,4,RTTP,92,27,2002,3,4
25,9,2001,4,RTTP,92,27,2003,1,2
25,9,2001,4,RTTP,94,10,2002,2,2
25,9,2001,4,RTTP,94,27,2002,3,4
25,9,2001,4,RTTP,98,27,2002,3,2
25,9,2001,4,RTTP,100,27,2002,3,1
25,9,2001,4,RTTP,102,27,2002,3,2
26,2,2020,3,PTTP,40,13,2021,2,1
26,2,2020,3,PTTP,48,15,2021,2,1
27,3,2008,2,PTTP,30,13,2008,2,2
27,3,2008,2,PTTP,32,13,2008,2,3
27,3,2008,2,PTTP,34,13,2008,2,3
27,3,2008,2,PTTP,36,13,2008,2,1
27,3,2008,2,PTTP,38,13,2008,2,1
27,3,2008,2,PTTP,40,13,2008,2,7
27,3,2008,2,PTTP,40,25,2008,3,1
27,3,2008,2,PTTP,42,13,2008,2,2
27,3,2008,2,PTTP,48,13,2008,2,1
27,3,2008,2,PTTP,48,14,2008,3,1
27,3,2008,2,PTTP,50,13,2008,2,1
27,3,2008,2,PTTP,52,13,2008,2,4
27,3,2008,2,PTTP,52,14,2008,2,2
27,3,2008,2,PTTP,54,13,2008,2,1
27,3,2008,2,PTTP,54,25,2009,1,1
27,3,2008,2,PTTP,56,13,2008,2,3
27,3,2008,2,PTTP,56,13,2008,3,1
27,3,2008,2,PTTP,58,13,2008,2,10
27,3,2008,2,PTTP,58,14,2008,2,1
27,3,2008,2,PTTP,58,15,2008,3,1
27,3,2008,2,PTTP,60,13,2008,2,8
27,3,2008,2,PTTP,60,14,2008,2,4
27,3,2008,2,PTTP,60,25,2008,3,1
27,3,2008,2,PTTP,62,13,2008,2,16
27,3,2008,2,PTTP,62,13,2009,2,1
27,3,2008,2,PTTP,62,14,2008,2,6
27,3,2008,2,PTTP,62,14,2008,3,1
27,3,2008,2,PTTP,64,13,2008,2,3
27,3,2008,2,PTTP,64,14,2008,2,2
27,3,2008,2,PTTP,66,13,2008,2,1
27,3,2008,2,PTTP,66,25,2008,3,1
27,3,2008,2,PTTP,72,14,2008,2,2
27,3,2008,2,PTTP,74,13,2008,3,1
28,3,2008,3,PTTP,30,14,2008,3,1
28,3,2008,3,PTTP,30,15,2008,3,1
28,3,2008,3,PTTP,32,25,2009,3,1
28,3,2008,3,PTTP,34,14,2008,4,1
28,3,2008,3,PTTP,36,24,2008,4,1
28,3,2008,3,PTTP,36,25,2008,3,1
29,3,2008,4,PTTP,32,25,2009,4,1
29,3,2008,4,PTTP,38,13,2008,4,1
29,3,2008,4,PTTP,38,25,2010,1,1
29,3,2008,4,PTTP,44,13,2008,4,1
29,3,2008,4,PTTP,46,13,2008,4,1
29,3,2008,4,PTTP,46,13,2009,2,1
29,3,2008,4,PTTP,46,14,2008,4,1
29,3,2008,4,PTTP,46,25,2008,4,1
29,3,2008,4,PTTP,48,13,2008,4,2
29,3,2008,4,PTTP,48,14,2008,4,1
29,3,2008,4,PTTP,48,15,2009,2,1
29,3,2008,4,PTTP,48,25,2008,4,1
29,3,2008,4,PTTP,48,25,2009,1,1
29,3,2008,4,PTTP,48,25,2009,4,1
29,3,2008,4,PTTP,50,13,2008,4,4
29,3,2008,4,PTTP,50,14,2008,4,1
29,3,2008,4,PTTP,50,25,2008,4,2
29,3,2008,4,PTTP,52,13,2009,4,2
29,3,2008,4,PTTP,52,14,2008,4,1
29,3,2008,4,PTTP,54,14,2008,4,1
29,3,2008,4,PTTP,58,13,2009,3,1
30,3,2009,1,PTTP,30,14,2009,1,1
30,3,2009,1,PTTP,32,13,2009,1,2
30,3,2009,1,PTTP,32,25,2009,1,1
30,3,2009,1,PTTP,34,13,2009,1,1
30,3,2009,1,PTTP,34,14,2009,2,1
30,3,2009,1,PTTP,34,15,2009,4,1
30,3,2009,1,PTTP,44,13,2009,1,2
30,3,2009,1,PTTP,44,14,2009,1,1
30,3,2009,1,PTTP,44,25,2009,1,2
30,3,2009,1,PTTP,46,13,2009,1,11
30,3,2009,1,PTTP,46,13,2009,2,1
30,3,2009,1,PTTP,46,13,2010,2,1
30,3,2009,1,PTTP,46,14,2009,1,2
30,3,2009,1,PTTP,46,14,2009,2,1
30,3,2009,1,PTTP,46,25,2009,1,2
30,3,2009,1,PTTP,46,25,2009,2,1
30,3,2009,1,PTTP,48,13,2009,1,18
30,3,2009,1,PTTP,48,13,2009,2,3
30,3,2009,1,PTTP,48,13,2010,2,1
30,3,2009,1,PTTP,48,14,2009,1,6
30,3,2009,1,PTTP,48,14,2009,2,1
30,3,2009,1,PTTP,48,15,2010,1,1
30,3,2009,1,PTTP,48,25,2009,1,5
30,3,2009,1,PTTP,48,25,2009,4,1
30,3,2009,1,PTTP,48,25,2010,2,1
30,3,2009,1,PTTP,50,13,2009,1,16
30,3,2009,1,PTTP,50,13,2010,2,1
30,3,2009,1,PTTP,50,14,2009,1,4
30,3,2009,1,PTTP,50,14,2009,2,1
30,3,2009,1,PTTP,50,15,2009,2,1
30,3,2009,1,PTTP,50,15,2010,1,1
30,3,2009,1,PTTP,50,25,2009,1,1
30,3,2009,1,PTTP,50,25,2010,1,1
30,3,2009,1,PTTP,50,25,2011,1,1
30,3,2009,1,PTTP,52,13,2009,1,8
30,3,2009,1,PTTP,52,13,2009,2,1
30,3,2009,1,PTTP,52,14,2009,1,2
30,3,2009,1,PTTP,52,14,2009,2,3
30,3,2009,1,PTTP,52,14,2010,1,1
30,3,2009,1,PTTP,52,15,2009,1,1
30,3,2009,1,PTTP,52,15,2009,2,1
30,3,2009,1,PTTP,52,25,2009,1,2
30,3,2009,1,PTTP,52,25,2009,2,1
30,3,2009,1,PTTP,54,13,2009,1,3
30,3,2009,1,PTTP,54,13,2009,2,1
30,3,2009,1,PTTP,54,14,2009,1,2
30,3,2009,1,PTTP,54,25,2009,1,1
30,3,2009,1,PTTP,56,13,2009,1,7
30,3,2009,1,PTTP,56,13,2009,2,1
30,3,2009,1,PTTP,56,14,2009,1,2
30,3,2009,1,PTTP,58,13,2009,1,2
30,3,2009,1,PTTP,60,13,2009,1,1
31,3,2009,2,PTTP,42,13,2010,1,1
31,3,2009,2,PTTP,48,9,2012,3,1
31,3,2009,2,PTTP,48,13,2009,2,1
31,3,2009,2,PTTP,50,15,2009,2,1
31,3,2009,2,PTTP,50,16,2009,2,1
32,3,2009,3,PTTP,40,15,2011,2,1
33,3,2009,4,PTTP,34,13,2009,4,2
33,3,2009,4,PTTP,34,15,2009,4,1
33,3,2009,4,PTTP,36,25,2009,4,1
33,3,2009,4,PTTP,38,25,2009,4,1
33,3,2009,4,PTTP,40,13,2010,2,2
33,3,2009,4,PTTP,40,14,2009,4,1
33,3,2009,4,PTTP,40,25,2009,4,1
33,3,2009,4,PTTP,40,25,2011,1,1
33,3,2009,4,PTTP,42,13,2009,4,1
33,3,2009,4,PTTP,42,14,2009,4,2
33,3,2009,4,PTTP,42,17,2009,4,1
33,3,2009,4,PTTP,42,25,2009,4,1
33,3,2009,4,PTTP,42,25,2011,1,1
33,3,2009,4,PTTP,42,26,2012,1,1
33,3,2009,4,PTTP,44,13,2009,4,1
33,3,2009,4,PTTP,44,14,2009,4,2
33,3,2009,4,PTTP,46,13,2009,4,1
33,3,2009,4,PTTP,46,14,2009,4,1
33,3,2009,4,PTTP,46,26,2009,4,1
33,3,2009,4,PTTP,48,13,2009,4,2
33,3,2009,4,PTTP,48,24,2010,2,1
33,3,2009,4,PTTP,48,25,2009,4,1
33,3,2009,4,PTTP,50,13,2009,4,1
33,3,2009,4,PTTP,50,25,2009,4,1
33,3,2009,4,PTTP,52,13,2009,4,1
33,3,2009,4,PTTP,52,14,2009,4,1
33,3,2009,4,PTTP,52,15,2009,4,1
33,3,2009,4,PTTP,52,24,2009,4,1
33,3,2009,4,PTTP,52,25,2010,1,1
33,3,2009,4,PTTP,52,25,2010,4,1
33,3,2009,4,PTTP,52,25,2011,2,1
33,3,2009,4,PTTP,54,13,2010,2,2
33,3,2009,4,PTTP,54,25,2010,1,1
33,3,2009,4,PTTP,54,26,2009,4,1
33,3,2009,4,PTTP,56,14,2009,4,1
33,3,2009,4,PTTP,56,26,2013,3,1
33,3,2009,4,PTTP,58,1,2012,1,1
33,3,2009,4,PTTP,58,13,2010,2,1
33,3,2009,4,PTTP,58,13,2012,1,1
33,3,2009,4,PTTP,58,24,2009,4,1
33,3,2009,4,PTTP,58,25,2009,4,1
33,3,2009,4,PTTP,60,13,2009,4,1
33,3,2009,4,PTTP,60,14,2009,4,1
33,3,2009,4,PTTP,60,16,2012,2,1
33,3,2009,4,PTTP,60,25,2009,4,1
33,3,2009,4,PTTP,62,5,2010,2,1
33,3,2009,4,PTTP,62,13,2009,4,1
33,3,2009,4,PTTP,62,14,2009,4,1
33,3,2009,4,PTTP,64,6,2012,3,1
33,3,2009,4,PTTP,64,13,2009,4,1
33,3,2009,4,PTTP,64,13,2010,2,2
33,3,2009,4,PTTP,64,14,2009,4,2
33,3,2009,4,PTTP,64,15,2009,4,1
33,3,2009,4,PTTP,64,17,2011,1,1
33,3,2009,4,PTTP,64,25,2009,4,1
33,3,2009,4,PTTP,66,13,2010,2,3
33,3,2009,4,PTTP,66,14,2009,4,1
33,3,2009,4,PTTP,66,15,2010,2,2
33,3,2009,4,PTTP,66,24,2010,4,1
33,3,2009,4,PTTP,66,25,2009,4,1
33,3,2009,4,PTTP,66,25,2010,2,3
33,3,2009,4,PTTP,66,25,2013,2,1
33,3,2009,4,PTTP,68,9,2013,1,1
33,3,2009,4,PTTP,68,13,2010,2,2
33,3,2009,4,PTTP,68,14,2009,4,5
33,3,2009,4,PTTP,68,26,2009,4,1
33,3,2009,4,PTTP,70,13,2009,4,1
33,3,2009,4,PTTP,70,14,2009,4,1
33,3,2009,4,PTTP,70,25,2009,4,3
33,3,2009,4,PTTP,72,13,2012,2,1
33,3,2009,4,PTTP,72,25,2009,4,1
33,3,2009,4,PTTP,74,26,2010,2,1
33,3,2009,4,PTTP,76,24,2009,4,1
34,3,2011,2,PTTP,44,13,2011,2,1
34,3,2011,2,PTTP,46,13,2011,2,1
34,3,2011,2,PTTP,46,25,2011,2,1
34,3,2011,2,PTTP,50,13,2011,2,1
34,3,2011,2,PTTP,50,13,2011,3,1
34,3,2011,2,PTTP,52,25,2011,2,1
34,3,2011,2,PTTP,52,26,2011,3,1
34,3,2011,2,PTTP,54,15,2011,3,1
35,3,2011,3,PTTP,34,13,2011,3,1
35,3,2011,3,PTTP,34,25,2011,3,1
35,3,2011,3,PTTP,40,25,2011,3,1
35,3,2011,3,PTTP,40,26,2012,1,1
35,3,2011,3,PTTP,42,25,2011,3,1
35,3,2011,3,PTTP,46,25,2011,3,1
35,3,2011,3,PTTP,46,26,2011,3,1
35,3,2011,3,PTTP,54,14,2012,1,1
35,3,2011,3,PTTP,62,15,2011,3,1
36,3,2012,1,PTTP,32,25,2013,2,1
36,3,2012,1,PTTP,34,13,2012,1,1
36,3,2012,1,PTTP,34,13,2013,2,1
36,3,2012,1,PTTP,34,25,2012,1,1
36,3,2012,1,PTTP,34,26,2012,1,1
36,3,2012,1,PTTP,34,26,2012,4,1
36,3,2012,1,PTTP,34,26,2013,3,1
36,3,2012,1,PTTP,36,13,2012,1,1
36,3,2012,1,PTTP,36,13,2012,4,2
36,3,2012,1,PTTP,36,13,2013,2,2
36,3,2012,1,PTTP,36,14,2012,1,2
36,3,2012,1,PTTP,36,15,2012,3,1
36,3,2012,1,PTTP,36,15,2012,4,1
36,3,2012,1,PTTP,36,16,2012,1,1
36,3,2012,1,PTTP,36,25,2012,3,2
36,3,2012,1,PTTP,36,25,2012,4,1
36,3,2012,1,PTTP,36,26,2012,3,1
36,3,2012,1,PTTP,38,13,2012,1,1
36,3,2012,1,PTTP,38,13,2012,2,1
36,3,2012,1,PTTP,38,13,2012,4,2
36,3,2012,1,PTTP,38,14,2012,1,6
36,3,2012,1,PTTP,38,14,2012,2,1
36,3,2012,1,PTTP,38,15,2012,1,1
36,3,2012,1,PTTP,38,15,2012,2,1
36,3,2012,1,PTTP,38,15,2012,4,1
36,3,2012,1,PTTP,38,25,2012,2,1
36,3,2012,1,PTTP,38,25,2012,4,1
36,3,2012,1,PTTP,38,25,2013,2,1
36,3,2012,1,PTTP,38,25,2013,3,1
36,3,2012,1,PTTP,38,26,2012,4,1
36,3,2012,1,PTTP,38,26,2013,2,1
36,3,2012,1,PTTP,38,26,2014,2,1
36,3,2012,1,PTTP,40,13,2012,1,1
36,3,2012,1,PTTP,40,13,2013,2,1
36,3,2012,1,PTTP,40,14,2012,1,5
36,3,2012,1,PTTP,40,14,2012,2,2
36,3,2012,1,PTTP,40,14,2013,3,1
36,3,2012,1,PTTP,40,15,2012,1,1
36,3,2012,1,PTTP,40,25,2012,2,1
36,3,2012,1,PTTP,40,25,2012,4,2
36,3,2012,1,PTTP,40,26,2012,1,1
36,3,2012,1,PTTP,40,26,2012,2,1
36,3,2012,1,PTTP,40,26,2014,2,1
36,3,2012,1,PTTP,42,13,2012,4,2
36,3,2012,1,PTTP,42,13,2013,1,1
36,3,2012,1,PTTP,42,14,2012,1,6
36,3,2012,1,PTTP,42,14,2012,2,2
36,3,2012,1,PTTP,42,17,2013,2,1
36,3,2012,1,PTTP,42,25,2012,1,2
36,3,2012,1,PTTP,42,25,2012,2,2
36,3,2012,1,PTTP,42,25,2012,4,3
36,3,2012,1,PTTP,42,26,2012,2,1
36,3,2012,1,PTTP,44,5,2014,4,1
36,3,2012,1,PTTP,44,13,2012,1,1
36,3,2012,1,PTTP,44,14,2012,1,1
36,3,2012,1,PTTP,44,15,2012,4,1
36,3,2012,1,PTTP,44,25,2012,1,1
36,3,2012,1,PTTP,44,25,2012,2,1
36,3,2012,1,PTTP,44,25,2013,1,1
36,3,2012,1,PTTP,44,25,2013,2,1
36,3,2012,1,PTTP,44,26,2012,2,1
36,3,2012,1,PTTP,46,13,2012,4,1
36,3,2012,1,PTTP,46,14,2012,4,1
36,3,2012,1,PTTP,46,15,2012,1,1
36,3,2012,1,PTTP,46,25,2012,1,1
36,3,2012,1,PTTP,46,25,2012,2,1
36,3,2012,1,PTTP,46,26,2013,4,1
36,3,2012,1,PTTP,48,13,2012,2,1
36,3,2012,1,PTTP,48,13,2012,4,1
36,3,2012,1,PTTP,48,25,2012,1,2
36,3,2012,1,PTTP,50,13,2012,1,1
36,3,2012,1,PTTP,50,25,2012,4,1
36,3,2012,1,PTTP,52,13,2012,1,1
36,3,2012,1,PTTP,54,25,2012,2,1
36,3,2012,1,PTTP,56,25,2012,1,1
36,3,2012,1,PTTP,62,13,2012,3,1
37,3,2013,2,PTTP,34,25,2013,4,1
37,3,2013,2,PTTP,44,25,2013,2,1
37,3,2013,2,PTTP,60,14,2013,2,1
37,3,2013,2,PTTP,62,25,2014,2,1
37,3,2013,2,PTTP,64,9,2015,1,1
37,3,2013,2,PTTP,66,13,2013,2,1
37,3,2013,2,PTTP,70,13,2015,1,1
37,3,2013,2,PTTP,74,26,2014,2,1
38,3,2016,3,PTTP,44,14,2018,4,1
38,3,2016,3,PTTP,46,15,2016,3,1
38,3,2016,3,PTTP,52,15,2017,2,1
38,3,2016,3,PTTP,54,15,2017,2,1
38,3,2016,3,PTTP,56,13,2016,4,1
38,3,2016,3,PTTP,56,13,2020,1,1
38,3,2016,3,PTTP,56,15,2016,3,1
38,3,2016,3,PTTP,56,26,2018,1,1
38,3,2016,3,PTTP,58,13,2016,3,1
38,3,2016,3,PTTP,58,13,2016,4,2
38,3,2016,3,PTTP,58,15,2016,4,1
38,3,2016,3,PTTP,58,15,2017,2,2
38,3,2016,3,PTTP,60,13,2016,4,1
38,3,2016,3,PTTP,60,15,2016,3,1
38,3,2016,3,PTTP,62,13,2017,2,1
38,3,2016,3,PTTP,64,15,2016,4,1
39,3,2016,4,PTTP,58,13,2017,1,1
39,3,2016,4,PTTP,70,15,2016,4,1
39,3,2016,4,PTTP,80,15,2017,2,1
40,3,2018,3,PTTP,38,15,2019,4,1
40,3,2018,3,PTTP,52,15,2018,3,1
40,3,2018,3,PTTP,52,26,2020,2,1
40,3,2018,3,PTTP,54,15,2019,1,1
40,3,2018,3,PTTP,62,14,2018,3,1
40,3,2018,3,PTTP,66,14,2018,3,1
41,3,2019,3,PTTP,56,13,2019,3,1
41,3,2019,3,PTTP,56,13,2019,4,1
41,3,2019,3,PTTP,56,13,2020,2,3
41,3,2019,3,PTTP,56,26,2020,3,1
41,3,2019,3,PTTP,58,13,2019,3,1
41,3,2019,3,PTTP,58,13,2020,1,1
41,3,2019,3,PTTP,58,26,2020,1,1
41,3,2019,3,PTTP,60,4,2019,3,1
41,3,2019,3,PTTP,60,26,2020,2,1
41,3,2019,3,PTTP,60,26,2021,1,1
42,4,2008,2,PTTP,40,15,2009,1,1
42,4,2008,2,PTTP,44,15,2009,4,1
42,4,2008,2,PTTP,46,15,2008,2,2
42,4,2008,2,PTTP,46,15,2008,3,1
42,4,2008,2,PTTP,46,15,2008,4,1
42,4,2008,2,PTTP,46,15,2009,1,1
42,4,2008,2,PTTP,46,15,2009,2,1
42,4,2008,2,PTTP,46,16,2008,3,1
42,4,2008,2,PTTP,48,15,2008,2,3
42,4,2008,2,PTTP,48,15,2008,3,1
42,4,2008,2,PTTP,48,15,2008,4,1
42,4,2008,2,PTTP,48,16,2008,2,1
42,4,2008,2,PTTP,50,15,2008,2,6
42,4,2008,2,PTTP,50,15,2008,3,2
42,4,2008,2,PTTP,50,15,2008,4,2
42,4,2008,2,PTTP,50,15,2009,2,1
42,4,2008,2,PTTP,50,16,2008,2,2
42,4,2008,2,PTTP,52,15,2008,2,12
42,4,2008,2,PTTP,52,15,2008,3,2
42,4,2008,2,PTTP,52,15,2008,4,3
42,4,2008,2,PTTP,52,15,2009,1,4
42,4,2008,2,PTTP,52,15,2009,3,1
42,4,2008,2,PTTP,52,16,2008,2,7
42,4,2008,2,PTTP,52,16,2008,3,3
42,4,2008,2,PTTP,54,15,2008,2,15
42,4,2008,2,PTTP,54,15,2008,3,4
42,4,2008,2,PTTP,54,15,2008,4,4
42,4,2008,2,PTTP,54,15,2009,2,1
42,4,2008,2,PTTP,54,15,2009,4,2
42,4,2008,2,PTTP,54,15,2011,2,1
42,4,2008,2,PTTP,54,16,2008,2,17
42,4,2008,2,PTTP,56,15,2008,2,14
42,4,2008,2,PTTP,56,15,2008,3,6
42,4,2008,2,PTTP,56,15,2008,4,2
42,4,2008,2,PTTP,56,15,2009,2,1
42,4,2008,2,PTTP,56,16,2008,2,14
42,4,2008,2,PTTP,56,16,2008,3,3
42,4,2008,2,PTTP,58,15,2008,2,22
42,4,2008,2,PTTP,58,15,2008,3,1
42,4,2008,2,PTTP,58,15,2009,1,4
42,4,2008,2,PTTP,58,15,2009,4,2
42,4,2008,2,PTTP,58,16,2008,2,26
42,4,2008,2,PTTP,58,16,2008,3,2
42,4,2008,2,PTTP,60,15,2008,2,17
42,4,2008,2,PTTP,60,15,2008,3,5
42,4,2008,2,PTTP,60,15,2008,4,3
42,4,2008,2,PTTP,60,15,2009,1,2
42,4,2008,2,PTTP,60,15,2009,2,1
42,4,2008,2,PTTP,60,16,2008,2,18
42,4,2008,2,PTTP,60,16,2008,3,2
42,4,2008,2,PTTP,62,15,2008,2,13
42,4,2008,2,PTTP,62,15,2008,3,4
42,4,2008,2,PTTP,62,15,2008,4,3
42,4,2008,2,PTTP,62,15,2009,1,5
42,4,2008,2,PTTP,62,15,2009,2,1
42,4,2008,2,PTTP,62,16,2008,2,13
42,4,2008,2,PTTP,62,16,2008,3,5
42,4,2008,2,PTTP,64,9,2012,3,1
42,4,2008,2,PTTP,64,15,2008,2,19
42,4,2008,2,PTTP,64,15,2008,3,5
42,4,2008,2,PTTP,64,15,2008,4,5
42,4,2008,2,PTTP,64,15,2009,1,1
42,4,2008,2,PTTP,64,15,2009,4,1
42,4,2008,2,PTTP,64,16,2008,2,15
42,4,2008,2,PTTP,64,16,2008,3,3
42,4,2008,2,PTTP,66,15,2008,2,7
42,4,2008,2,PTTP,66,15,2008,3,2
42,4,2008,2,PTTP,66,15,2008,4,3
42,4,2008,2,PTTP,66,15,2009,1,1
42,4,2008,2,PTTP,66,15,2009,4,1
42,4,2008,2,PTTP,66,16,2008,2,4
42,4,2008,2,PTTP,66,16,2008,3,2
42,4,2008,2,PTTP,68,15,2008,2,9
42,4,2008,2,PTTP,68,15,2008,3,2
42,4,2008,2,PTTP,68,15,2008,4,3
42,4,2008,2,PTTP,68,15,2009,1,1
42,4,2008,2,PTTP,68,15,2009,2,1
42,4,2008,2,PTTP,68,16,2008,2,5
42,4,2008,2,PTTP,70,15,2008,2,10
42,4,2008,2,PTTP,70,15,2008,3,1
42,4,2008,2,PTTP,70,15,2008,4,1
42,4,2008,2,PTTP,70,16,2008,2,7
42,4,2008,2,PTTP,72,15,2008,2,5
42,4,2008,2,PTTP,72,15,2008,3,1
42,4,2008,2,PTTP,72,15,2008,4,1
42,4,2008,2,PTTP,72,15,2009,1,3
42,4,2008,2,PTTP,72,16,2008,2,2
42,4,2008,2,PTTP,74,15,2008,2,5
42,4,2008,2,PTTP,74,15,2008,4,2
42,4,2008,2,PTTP,74,16,2008,2,3
42,4,2008,2,PTTP,76,16,2008,2,3
42,4,2008,2,PTTP,78,15,2008,2,2
42,4,2008,2,PTTP,78,15,2008,4,1
42,4,2008,2,PTTP,78,15,2009,1,1
42,4,2008,2,PTTP,80,15,2008,2,1
42,4,2008,2,PTTP,80,16,2008,2,1
42,4,2008,2,PTTP,82,15,2008,2,1
42,4,2008,2,PTTP,82,15,2008,3,1
42,4,2008,2,PTTP,84,15,2008,3,1
42,4,2008,2,PTTP,86,16,2008,3,1
43,4,2009,2,PTTP,36,16,2009,2,1
43,4,2009,2,PTTP,38,15,2009,2,1
43,4,2009,2,PTTP,38,15,2010,2,1
43,4,2009,2,PTTP,38,16,2009,2,1
43,4,2009,2,PTTP,40,15,2009,2,4
43,4,2009,2,PTTP,40,15,2009,3,6
43,4,2009,2,PTTP,40,15,2009,4,1
43,4,2009,2,PTTP,40,15,2010,2,1
43,4,2009,2,PTTP,40,16,2009,2,12
43,4,2009,2,PTTP,40,16,2009,3,6
43,4,2009,2,PTTP,40,25,2011,3,1
43,4,2009,2,PTTP,42,5,2010,2,1
43,4,2009,2,PTTP,42,9,2014,3,1
43,4,2009,2,PTTP,42,13,2009,2,1
43,4,2009,2,PTTP,42,13,2011,4,1
43,4,2009,2,PTTP,42,15,2009,2,15
43,4,2009,2,PTTP,42,15,2009,3,8
43,4,2009,2,PTTP,42,15,2009,4,2
43,4,2009,2,PTTP,42,15,2010,1,6
43,4,2009,2,PTTP,42,15,2010,2,4
43,4,2009,2,PTTP,42,15,2010,4,2
43,4,2009,2,PTTP,42,16,2009,2,20
43,4,2009,2,PTTP,42,16,2009,3,5
43,4,2009,2,PTTP,44,13,2009,2,2
43,4,2009,2,PTTP,44,13,2009,3,1
43,4,2009,2,PTTP,44,15,2009,2,9
43,4,2009,2,PTTP,44,15,2009,3,3
43,4,2009,2,PTTP,44,15,2009,4,1
43,4,2009,2,PTTP,44,15,2010,1,4
43,4,2009,2,PTTP,44,15,2011,1,1
43,4,2009,2,PTTP,44,15,2011,2,1
43,4,2009,2,PTTP,44,16,2009,2,9
43,4,2009,2,PTTP,44,16,2009,3,2
43,4,2009,2,PTTP,44,25,2009,4,1
43,4,2009,2,PTTP,44,25,2010,1,1
43,4,2009,2,PTTP,46,13,2009,2,1
43,4,2009,2,PTTP,46,15,2009,2,11
43,4,2009,2,PTTP,46,15,2009,3,5
43,4,2009,2,PTTP,46,15,2010,1,2
43,4,2009,2,PTTP,46,15,2010,2,1
43,4,2009,2,PTTP,46,15,2010,4,1
43,4,2009,2,PTTP,46,15,2013,4,1
43,4,2009,2,PTTP,46,16,2009,2,12
43,4,2009,2,PTTP,46,16,2009,3,4
43,4,2009,2,PTTP,46,16,2010,1,1
43,4,2009,2,PTTP,46,25,2009,4,1
43,4,2009,2,PTTP,48,13,2010,1,1
43,4,2009,2,PTTP,48,15,2009,2,14
43,4,2009,2,PTTP,48,15,2009,3,9
43,4,2009,2,PTTP,48,15,2010,2,1
43,4,2009,2,PTTP,48,16,2009,2,19
43,4,2009,2,PTTP,48,16,2009,3,12
43,4,2009,2,PTTP,50,13,2010,2,1
43,4,2009,2,PTTP,50,15,2009,2,2
43,4,2009,2,PTTP,50,15,2009,3,1
43,4,2009,2,PTTP,50,15,2010,1,3
43,4,2009,2,PTTP,50,15,2010,2,1
43,4,2009,2,PTTP,50,16,2009,2,34
43,4,2009,2,PTTP,50,16,2009,3,9
43,4,2009,2,PTTP,52,15,2009,2,3
43,4,2009,2,PTTP,52,15,2009,3,2
43,4,2009,2,PTTP,52,15,2009,4,2
43,4,2009,2,PTTP,52,15,2010,1,2
43,4,2009,2,PTTP,52,16,2009,2,21
43,4,2009,2,PTTP,52,16,2009,3,7
43,4,2009,2,PTTP,54,15,2009,2,1
43,4,2009,2,PTTP,54,15,2009,3,3
43,4,2009,2,PTTP,54,16,2009,2,11
43,4,2009,2,PTTP,54,16,2009,3,4
43,4,2009,2,PTTP,56,13,2010,2,1
43,4,2009,2,PTTP,56,13,2010,4,1
43,4,2009,2,PTTP,56,16,2009,2,8
43,4,2009,2,PTTP,56,16,2009,3,1
43,4,2009,2,PTTP,58,15,2009,2,1
43,4,2009,2,PTTP,58,16,2009,2,5
43,4,2009,2,PTTP,58,16,2009,3,2
43,4,2009,2,PTTP,60,13,2009,2,1
43,4,2009,2,PTTP,60,15,2009,2,1
43,4,2009,2,PTTP,60,16,2009,2,4
43,4,2009,2,PTTP,60,16,2009,3,1
43,4,2009,2,PTTP,60,25,2010,1,1
43,4,2009,2,PTTP,60,25,2010,2,1
43,4,2009,2,PTTP,62,9,2010,2,1
43,4,2009,2,PTTP,62,13,2009,2,3
43,4,2009,2,PTTP,62,13,2009,4,1
43,4,2009,2,PTTP,62,15,2009,2,1
43,4,2009,2,PTTP,62,15,2011,2,1
43,4,2009,2,PTTP,62,16,2009,2,3
43,4,2009,2,PTTP,64,13,2009,2,1
43,4,2009,2,PTTP,64,13,2009,4,1
43,4,2009,2,PTTP,64,13,2010,1,2
43,4,2009,2,PTTP,64,15,2009,4,2
43,4,2009,2,PTTP,64,15,2010,1,1
43,4,2009,2,PTTP,64,16,2009,2,5
43,4,2009,2,PTTP,64,25,2013,3,1
43,4,2009,2,PTTP,66,9,2011,3,1
43,4,2009,2,PTTP,66,13,2009,4,1
43,4,2009,2,PTTP,66,15,2009,2,2
43,4,2009,2,PTTP,66,15,2010,1,1
43,4,2009,2,PTTP,66,16,2009,2,18
43,4,2009,2,PTTP,66,25,2010,2,1
43,4,2009,2,PTTP,68,15,2010,1,1
43,4,2009,2,PTTP,68,16,2009,2,8
43,4,2009,2,PTTP,70,9,2011,1,1
43,4,2009,2,PTTP,70,9,2012,2,1
43,4,2009,2,PTTP,70,9,2018,4,1
43,4,2009,2,PTTP,70,15,2009,4,2
43,4,2009,2,PTTP,70,16,2009,2,15
43,4,2009,2,PTTP,70,16,2009,3,1
43,4,2009,2,PTTP,72,15,2009,3,1
43,4,2009,2,PTTP,72,15,2009,4,1
43,4,2009,2,PTTP,72,16,2009,2,11
43,4,2009,2,PTTP,72,17,2009,4,1
43,4,2009,2,PTTP,74,4,2011,3,1
43,4,2009,2,PTTP,74,15,2009,3,2
43,4,2009,2,PTTP,74,15,2015,4,1
43,4,2009,2,PTTP,74,16,2009,2,14
43,4,2009,2,PTTP,74,25,2009,4,1
43,4,2009,2,PTTP,76,5,2009,4,1
43,4,2009,2,PTTP,76,5,2010,3,1
43,4,2009,2,PTTP,76,9,2010,3,1
43,4,2009,2,PTTP,76,9,2011,2,1
43,4,2009,2,PTTP,76,9,2011,3,1
43,4,2009,2,PTTP,76,13,2010,1,1
43,4,2009,2,PTTP,76,13,2010,2,1
43,4,2009,2,PTTP,76,15,2009,2,2
43,4,2009,2,PTTP,76,15,2009,3,1
43,4,2009,2,PTTP,76,16,2009,2,21
43,4,2009,2,PTTP,78,9,2014,1,1
43,4,2009,2,PTTP,78,13,2010,1,1
43,4,2009,2,PTTP,78,15,2009,2,2
43,4,2009,2,PTTP,78,15,2009,3,1
43,4,2009,2,PTTP,78,15,2010,1,1
43,4,2009,2,PTTP,78,16,2009,2,22
43,4,2009,2,PTTP,78,16,2009,3,1
43,4,2009,2,PTTP,80,5,2009,4,1
43,4,2009,2,PTTP,80,13,2011,3,1
43,4,2009,2,PTTP,80,15,2009,4,1
43,4,2009,2,PTTP,80,16,2009,2,7
43,4,2009,2,PTTP,80,16,2009,3,1
43,4,2009,2,PTTP,80,25,2011,4,1
43,4,2009,2,PTTP,82,13,2010,2,1
43,4,2009,2,PTTP,82,15,2009,2,2
43,4,2009,2,PTTP,82,15,2010,4,1
43,4,2009,2,PTTP,82,16,2009,2,10
43,4,2009,2,PTTP,84,15,2009,2,1
43,4,2009,2,PTTP,84,16,2009,2,3
43,4,2009,2,PTTP,86,13,2009,2,1
43,4,2009,2,PTTP,86,16,2009,2,1
43,4,2009,2,PTTP,86,25,2009,4,1
43,4,2009,2,PTTP,90,5,2010,1,1
43,4,2009,2,PTTP,90,16,2009,2,1
43,4,2009,2,PTTP,94,15,2009,2,1
43,4,2009,2,PTTP,94,15,2009,3,1
43,4,2009,2,PTTP,94,16,2009,2,1
43,4,2009,2,PTTP,100,16,2009,2,1
44,4,2009,4,PTTP,38,15,2010,2,1
44,4,2009,4,PTTP,40,13,2011,1,1
44,4,2009,4,PTTP,40,15,2009,4,5
44,4,2009,4,PTTP,40,15,2010,4,1
44,4,2009,4,PTTP,40,16,2009,4,6
44,4,2009,4,PTTP,40,16,2010,1,1
44,4,2009,4,PTTP,40,25,2010,2,1
44,4,2009,4,PTTP,42,13,2010,3,1
44,4,2009,4,PTTP,42,15,2009,4,13
44,4,2009,4,PTTP,42,15,2010,2,6
44,4,2009,4,PTTP,42,15,2010,4,3
44,4,2009,4,PTTP,42,15,2011,1,1
44,4,2009,4,PTTP,42,16,2009,4,12
44,4,2009,4,PTTP,42,25,2010,3,1
44,4,2009,4,PTTP,44,15,2009,4,13
44,4,2009,4,PTTP,44,15,2010,1,1
44,4,2009,4,PTTP,44,15,2010,2,1
44,4,2009,4,PTTP,44,15,2010,4,2
44,4,2009,4,PTTP,44,15,2011,1,1
44,4,2009,4,PTTP,44,16,2009,4,10
44,4,2009,4,PTTP,46,8,2010,1,1
44,4,2009,4,PTTP,46,15,2009,4,9
44,4,2009,4,PTTP,46,15,2010,4,1
44,4,2009,4,PTTP,46,15,2011,2,1
44,4,2009,4,PTTP,46,15,2013,1,1
44,4,2009,4,PTTP,46,16,2009,4,10
44,4,2009,4,PTTP,46,16,2010,1,1
44,4,2009,4,PTTP,48,15,2009,4,21
44,4,2009,4,PTTP,48,15,2010,1,2
44,4,2009,4,PTTP,48,15,2010,2,1
44,4,2009,4,PTTP,48,15,2010,4,2
44,4,2009,4,PTTP,48,16,2009,4,35
44,4,2009,4,PTTP,48,16,2010,1,1
44,4,2009,4,PTTP,50,9,2014,2,1
44,4,2009,4,PTTP,50,13,2009,4,1
44,4,2009,4,PTTP,50,14,2011,3,1
44,4,2009,4,PTTP,50,15,2009,4,14
44,4,2009,4,PTTP,50,15,2010,2,1
44,4,2009,4,PTTP,50,16,2009,4,25
44,4,2009,4,PTTP,50,16,2010,1,1
44,4,2009,4,PTTP,52,15,2009,4,17
44,4,2009,4,PTTP,52,15,2010,1,1
44,4,2009,4,PTTP,52,15,2010,2,4
44,4,2009,4,PTTP,52,15,2010,4,1
44,4,2009,4,PTTP,52,15,2011,2,1
44,4,2009,4,PTTP,52,16,2009,4,23
44,4,2009,4,PTTP,52,16,2010,1,1
44,4,2009,4,PTTP,54,9,2010,2,1
44,4,2009,4,PTTP,54,15,2009,4,5
44,4,2009,4,PTTP,54,16,2009,4,18
44,4,2009,4,PTTP,56,15,2009,4,7
44,4,2009,4,PTTP,56,16,2009,4,20
44,4,2009,4,PTTP,56,16,2010,1,1
44,4,2009,4,PTTP,58,15,2009,4,5
44,4,2009,4,PTTP,58,16,2009,4,17
44,4,2009,4,PTTP,58,16,2010,1,1
44,4,2009,4,PTTP,60,15,2009,4,11
44,4,2009,4,PTTP,60,15,2010,2,2
44,4,2009,4,PTTP,60,16,2009,4,17
44,4,2009,4,PTTP,60,16,2010,1,1
44,4,2009,4,PTTP,62,13,2009,4,1
44,4,2009,4,PTTP,62,15,2009,4,6
44,4,2009,4,PTTP,62,15,2010,2,1
44,4,2009,4,PTTP,62,16,2009,4,10
44,4,2009,4,PTTP,64,13,2009,4,1
44,4,2009,4,PTTP,64,15,2009,4,3
44,4,2009,4,PTTP,64,16,2009,4,9
44,4,2009,4,PTTP,66,15,2009,4,5
44,4,2009,4,PTTP,66,15,2010,2,1
44,4,2009,4,PTTP,66,16,2009,4,9
44,4,2009,4,PTTP,66,16,2010,1,1
44,4,2009,4,PTTP,68,15,2009,4,2
44,4,2009,4,PTTP,68,16,2009,4,2
44,4,2009,4,PTTP,70,15,2009,4,1
44,4,2009,4,PTTP,70,16,2009,4,2
44,4,2009,4,PTTP,72,15,2009,4,1
44,4,2009,4,PTTP,74,16,2009,4,2
44,4,2009,4,PTTP,76,16,2009,4,1
45,4,2010,2,PTTP,36,16,2010,2,1
45,4,2010,2,PTTP,38,13,2010,3,1
45,4,2010,2,PTTP,38,13,2011,1,1
45,4,2010,2,PTTP,38,15,2010,2,9
45,4,2010,2,PTTP,38,15,2011,1,2
45,4,2010,2,PTTP,38,16,2010,2,1
45,4,2010,2,PTTP,40,13,2010,4,1
45,4,2010,2,PTTP,40,13,2011,1,1
45,4,2010,2,PTTP,40,15,2010,2,3
45,4,2010,2,PTTP,40,16,2010,2,4
45,4,2010,2,PTTP,42,13,2010,4,1
45,4,2010,2,PTTP,42,13,2011,1,1
45,4,2010,2,PTTP,42,13,2012,2,1
45,4,2010,2,PTTP,42,15,2010,2,6
45,4,2010,2,PTTP,44,15,2010,2,1
45,4,2010,2,PTTP,44,15,2011,2,1
45,4,2010,2,PTTP,44,15,2011,4,1
45,4,2010,2,PTTP,44,16,2010,2,1
45,4,2010,2,PTTP,46,13,2010,4,1
45,4,2010,2,PTTP,46,15,2010,2,1
45,4,2010,2,PTTP,46,16,2010,2,1
45,4,2010,2,PTTP,48,15,2010,2,4
45,4,2010,2,PTTP,48,15,2010,3,3
45,4,2010,2,PTTP,48,16,2010,2,2
45,4,2010,2,PTTP,50,9,2012,3,1
45,4,2010,2,PTTP,50,13,2010,4,1
45,4,2010,2,PTTP,50,15,2010,2,6
45,4,2010,2,PTTP,50,15,2010,4,1
45,4,2010,2,PTTP,50,15,2011,1,3
45,4,2010,2,PTTP,50,15,2011,2,2
45,4,2010,2,PTTP,50,16,2010,2,1
45,4,2010,2,PTTP,52,13,2011,1,1
45,4,2010,2,PTTP,52,15,2010,2,19
45,4,2010,2,PTTP,52,15,2010,3,3
45,4,2010,2,PTTP,52,15,2011,1,2
45,4,2010,2,PTTP,52,15,2011,2,3
45,4,2010,2,PTTP,52,16,2010,2,1
45,4,2010,2,PTTP,52,16,2010,3,2
45,4,2010,2,PTTP,52,25,2011,1,1
45,4,2010,2,PTTP,52,25,2011,3,1
45,4,2010,2,PTTP,52,26,2012,3,1
45,4,2010,2,PTTP,54,13,2010,4,1
45,4,2010,2,PTTP,54,15,2010,2,12
45,4,2010,2,PTTP,54,15,2010,3,1
45,4,2010,2,PTTP,54,15,2010,4,2
45,4,2010,2,PTTP,54,15,2011,2,2
45,4,2010,2,PTTP,54,15,2011,4,1
45,4,2010,2,PTTP,54,15,2013,4,1
45,4,2010,2,PTTP,54,16,2010,2,2
45,4,2010,2,PTTP,54,25,2010,4,1
45,4,2010,2,PTTP,56,13,2011,2,1
45,4,2010,2,PTTP,56,15,2010,2,14
45,4,2010,2,PTTP,56,15,2010,3,1
45,4,2010,2,PTTP,56,15,2010,4,1
45,4,2010,2,PTTP,56,15,2011,2,1
45,4,2010,2,PTTP,56,15,2011,4,1
45,4,2010,2,PTTP,56,16,2010,2,3
45,4,2010,2,PTTP,56,16,2010,3,1
45,4,2010,2,PTTP,58,9,2010,4,1
45,4,2010,2,PTTP,58,13,2010,4,1
45,4,2010,2,PTTP,58,13,2011,2,1
45,4,2010,2,PTTP,58,15,2010,2,28
45,4,2010,2,PTTP,58,15,2010,3,9
45,4,2010,2,PTTP,58,15,2010,4,3
45,4,2010,2,PTTP,58,15,2011,1,4
45,4,2010,2,PTTP,58,15,2011,2,2
45,4,2010,2,PTTP,58,15,2011,3,1
45,4,2010,2,PTTP,58,16,2010,2,7
45,4,2010,2,PTTP,58,16,2010,3,5
45,4,2010,2,PTTP,60,13,2010,4,1
45,4,2010,2,PTTP,60,13,2011,1,2
45,4,2010,2,PTTP,60,13,2011,2,1
45,4,2010,2,PTTP,60,13,2011,3,1
45,4,2010,2,PTTP,60,15,2010,2,32
45,4,2010,2,PTTP,60,15,2010,3,5
45,4,2010,2,PTTP,60,15,2010,4,2
45,4,2010,2,PTTP,60,15,2011,1,6
45,4,2010,2,PTTP,60,15,2011,2,1
45,4,2010,2,PTTP,60,15,2012,1,1
45,4,2010,2,PTTP,60,15,2013,1,1
45,4,2010,2,PTTP,60,16,2010,2,4
45,4,2010,2,PTTP,60,16,2010,3,7
45,4,2010,2,PTTP,62,9,2012,4,1
45,4,2010,2,PTTP,62,13,2011,1,1
45,4,2010,2,PTTP,62,13,2011,2,1
45,4,2010,2,PTTP,62,14,2012,1,1
45,4,2010,2,PTTP,62,15,2010,2,24
45,4,2010,2,PTTP,62,15,2010,3,8
45,4,2010,2,PTTP,62,15,2011,1,3
45,4,2010,2,PTTP,62,15,2011,2,6
45,4,2010,2,PTTP,62,16,2010,2,4
45,4,2010,2,PTTP,62,16,2010,3,10
45,4,2010,2,PTTP,64,15,2010,2,24
45,4,2010,2,PTTP,64,15,2010,3,5
45,4,2010,2,PTTP,64,15,2010,4,2
45,4,2010,2,PTTP,64,15,2011,1,2
45,4,2010,2,PTTP,64,15,2011,2,2
45,4,2010,2,PTTP,64,15,2011,4,1
45,4,2010,2,PTTP,64,15,2013,3,1
45,4,2010,2,PTTP,64,16,2010,2,1
45,4,2010,2,PTTP,64,16,2010,3,4
45,4,2010,2,PTTP,66,15,2010,2,4
45,4,2010,2,PTTP,66,15,2010,3,2
45,4,2010,2,PTTP,66,15,2011,1,2
45,4,2010,2,PTTP,66,15,2011,2,1
45,4,2010,2,PTTP,66,15,2012,1,1
45,4,2010,2,PTTP,66,16,2010,2,2
45,4,2010,2,PTTP,66,16,2010,3,6
45,4,2010,2,PTTP,68,9,2014,4,1
45,4,2010,2,PTTP,68,13,2011,4,1
45,4,2010,2,PTTP,68,15,2010,2,5
45,4,2010,2,PTTP,68,15,2010,3,3
45,4,2010,2,PTTP,68,15,2011,1,1
45,4,2010,2,PTTP,68,15,2011,2,1
45,4,2010,2,PTTP,68,16,2010,2,3
45,4,2010,2,PTTP,68,16,2010,3,2
45,4,2010,2,PTTP,70,15,2010,2,2
45,4,2010,2,PTTP,70,15,2011,1,3
45,4,2010,2,PTTP,70,15,2011,2,1
45,4,2010,2,PTTP,70,15,2013,1,1
45,4,2010,2,PTTP,72,13,2010,4,1
45,4,2010,2,PTTP,72,15,2010,2,5
45,4,2010,2,PTTP,72,15,2010,3,1
45,4,2010,2,PTTP,72,15,2011,1,2
45,4,2010,2,PTTP,72,15,2011,4,1
45,4,2010,2,PTTP,72,15,2013,4,1
45,4,2010,2,PTTP,72,16,2010,2,1
45,4,2010,2,PTTP,74,15,2010,4,1
45,4,2010,2,PTTP,74,16,2010,3,2
45,4,2010,2,PTTP,76,15,2010,2,1
45,4,2010,2,PTTP,76,15,2010,4,1
45,4,2010,2,PTTP,76,15,2012,1,1
45,4,2010,2,PTTP,80,16,2010,3,1
45,4,2010,2,PTTP,82,15,2010,3,1
46,4,2010,4,PTTP,38,16,2011,1,1
46,4,2010,4,PTTP,40,13,2010,4,1
46,4,2010,4,PTTP,40,13,2011,1,1
46,4,2010,4,PTTP,40,15,2010,4,1
46,4,2010,4,PTTP,40,16,2011,2,1
46,4,2010,4,PTTP,40,25,2011,3,1
46,4,2010,4,PTTP,42,13,2010,4,2
46,4,2010,4,PTTP,42,13,2011,3,1
46,4,2010,4,PTTP,42,13,2011,4,2
46,4,2010,4,PTTP,42,15,2010,4,6
46,4,2010,4,PTTP,42,15,2011,1,3
46,4,2010,4,PTTP,42,15,2011,2,2
46,4,2010,4,PTTP,42,15,2011,4,2
46,4,2010,4,PTTP,42,15,2012,1,1
46,4,2010,4,PTTP,42,16,2010,4,8
46,4,2010,4,PTTP,42,16,2011,1,2
46,4,2010,4,PTTP,44,13,2010,4,8
46,4,2010,4,PTTP,44,13,2011,1,3
46,4,2010,4,PTTP,44,13,2011,2,2
46,4,2010,4,PTTP,44,13,2011,3,1
46,4,2010,4,PTTP,44,13,2011,4,3
46,4,2010,4,PTTP,44,14,2011,3,1
46,4,2010,4,PTTP,44,15,2010,4,40
46,4,2010,4,PTTP,44,15,2011,1,9
46,4,2010,4,PTTP,44,15,2011,2,10
46,4,2010,4,PTTP,44,15,2011,3,1
46,4,2010,4,PTTP,44,15,2011,4,5
46,4,2010,4,PTTP,44,15,2012,1,3
46,4,2010,4,PTTP,44,15,2012,2,1
46,4,2010,4,PTTP,44,15,2013,4,1
46,4,2010,4,PTTP,44,16,2010,4,20
46,4,2010,4,PTTP,44,16,2011,1,16
46,4,2010,4,PTTP,44,25,2011,3,1
46,4,2010,4,PTTP,44,25,2011,4,2
46,4,2010,4,PTTP,46,13,2010,4,7
46,4,2010,4,PTTP,46,13,2011,1,5
46,4,2010,4,PTTP,46,13,2011,2,1
46,4,2010,4,PTTP,46,13,2011,3,2
46,4,2010,4,PTTP,46,13,2011,4,2
46,4,2010,4,PTTP,46,13,2012,1,1
46,4,2010,4,PTTP,46,15,2010,4,60
46,4,2010,4,PTTP,46,15,2011,1,16
46,4,2010,4,PTTP,46,15,2011,2,12
46,4,2010,4,PTTP,46,15,2011,4,9
46,4,2010,4,PTTP,46,15,2012,1,5
46,4,2010,4,PTTP,46,15,2012,2,5
46,4,2010,4,PTTP,46,15,2013,1,2
46,4,2010,4,PTTP,46,15,2013,4,1
46,4,2010,4,PTTP,46,16,2010,4,32
46,4,2010,4,PTTP,46,16,2011,1,17
46,4,2010,4,PTTP,46,25,2011,1,1
46,4,2010,4,PTTP,46,25,2011,2,1
46,4,2010,4,PTTP,46,25,2011,3,1
46,4,2010,4,PTTP,46,25,2011,4,1
46,4,2010,4,PTTP,48,9,2020,1,1
46,4,2010,4,PTTP,48,13,2010,4,7
46,4,2010,4,PTTP,48,13,2011,1,4
46,4,2010,4,PTTP,48,13,2011,2,1
46,4,2010,4,PTTP,48,13,2011,4,3
46,4,2010,4,PTTP,48,15,2010,4,53
46,4,2010,4,PTTP,48,15,2011,1,17
46,4,2010,4,PTTP,48,15,2011,2,4
46,4,2010,4,PTTP,48,15,2011,3,1
46,4,2010,4,PTTP,48,15,2011,4,9
46,4,2010,4,PTTP,48,15,2012,1,1
46,4,2010,4,PTTP,48,15,2012,2,2
46,4,2010,4,PTTP,48,15,2012,4,1
46,4,2010,4,PTTP,48,15,2013,1,2
46,4,2010,4,PTTP,48,16,2010,4,39
46,4,2010,4,PTTP,48,16,2011,1,18
46,4,2010,4,PTTP,48,25,2010,4,1
46,4,2010,4,PTTP,48,25,2011,1,2
46,4,2010,4,PTTP,48,25,2011,4,1
46,4,2010,4,PTTP,50,13,2010,4,6
46,4,2010,4,PTTP,50,13,2011,1,1
46,4,2010,4,PTTP,50,13,2011,2,1
46,4,2010,4,PTTP,50,13,2011,3,2
46,4,2010,4,PTTP,50,13,2011,4,2
46,4,2010,4,PTTP,50,15,2010,4,44
46,4,2010,4,PTTP,50,15,2011,1,9
46,4,2010,4,PTTP,50,15,2011,2,12
46,4,2010,4,PTTP,50,15,2011,3,1
46,4,2010,4,PTTP,50,15,2011,4,4
46,4,2010,4,PTTP,50,15,2012,1,2
46,4,2010,4,PTTP,50,15,2012,2,1
46,4,2010,4,PTTP,50,15,2012,4,2
46,4,2010,4,PTTP,50,16,2010,4,32
46,4,2010,4,PTTP,50,16,2011,1,16
46,4,2010,4,PTTP,50,25,2011,4,1
46,4,2010,4,PTTP,52,13,2010,4,2
46,4,2010,4,PTTP,52,13,2011,1,2
46,4,2010,4,PTTP,52,13,2011,3,3
46,4,2010,4,PTTP,52,15,2010,4,27
46,4,2010,4,PTTP,52,15,2011,1,9
46,4,2010,4,PTTP,52,15,2011,2,6
46,4,2010,4,PTTP,52,15,2011,4,3
46,4,2010,4,PTTP,52,15,2012,1,3
46,4,2010,4,PTTP,52,15,2012,2,1
46,4,2010,4,PTTP,52,16,2010,4,18
46,4,2010,4,PTTP,52,16,2011,1,13
46,4,2010,4,PTTP,52,25,2010,4,1
46,4,2010,4,PTTP,52,25,2011,3,1
46,4,2010,4,PTTP,52,25,2011,4,1
46,4,2010,4,PTTP,54,13,2010,4,4
46,4,2010,4,PTTP,54,13,2011,2,1
46,4,2010,4,PTTP,54,13,2011,3,2
46,4,2010,4,PTTP,54,15,2010,4,32
46,4,2010,4,PTTP,54,15,2011,1,6
46,4,2010,4,PTTP,54,15,2011,2,8
46,4,2010,4,PTTP,54,15,2011,4,2
46,4,2010,4,PTTP,54,16,2010,4,30
46,4,2010,4,PTTP,54,16,2011,1,14
46,4,2010,4,PTTP,54,25,2011,2,1
46,4,2010,4,PTTP,54,25,2011,3,1
46,4,2010,4,PTTP,56,13,2010,4,3
46,4,2010,4,PTTP,56,13,2011,4,1
46,4,2010,4,PTTP,56,13,2012,2,1
46,4,2010,4,PTTP,56,15,2010,4,27
46,4,2010,4,PTTP,56,15,2011,1,8
46,4,2010,4,PTTP,56,15,2011,2,7
46,4,2010,4,PTTP,56,15,2011,4,4
46,4,2010,4,PTTP,56,15,2012,1,2
46,4,2010,4,PTTP,56,15,2012,2,2
46,4,2010,4,PTTP,56,15,2012,3,1
46,4,2010,4,PTTP,56,15,2013,1,1
46,4,2010,4,PTTP,56,15,2013,2,1
46,4,2010,4,PTTP,56,16,2010,4,29
46,4,2010,4,PTTP,56,16,2011,1,28
46,4,2010,4,PTTP,58,13,2012,2,1
46,4,2010,4,PTTP,58,15,2010,4,5
46,4,2010,4,PTTP,58,15,2011,1,1
46,4,2010,4,PTTP,58,15,2011,2,1
46,4,2010,4,PTTP,58,15,2011,3,2
46,4,2010,4,PTTP,58,16,2010,4,4
46,4,2010,4,PTTP,58,16,2011,1,7
46,4,2010,4,PTTP,58,25,2011,4,1
46,4,2010,4,PTTP,60,15,2010,4,4
46,4,2010,4,PTTP,60,15,2011,2,1
46,4,2010,4,PTTP,60,15,2011,3,2
46,4,2010,4,PTTP,60,15,2011,4,2
46,4,2010,4,PTTP,60,16,2010,4,2
46,4,2010,4,PTTP,60,16,2011,1,3
46,4,2010,4,PTTP,62,13,2011,3,1
46,4,2010,4,PTTP,62,15,2010,4,2
46,4,2010,4,PTTP,62,15,2011,2,2
46,4,2010,4,PTTP,62,16,2010,4,6
46,4,2010,4,PTTP,62,16,2011,1,1
46,4,2010,4,PTTP,64,15,2010,4,2
46,4,2010,4,PTTP,64,15,2011,2,3
46,4,2010,4,PTTP,64,15,2011,4,1
46,4,2010,4,PTTP,64,16,2010,4,1
46,4,2010,4,PTTP,64,16,2011,1,1
46,4,2010,4,PTTP,66,15,2010,4,1
46,4,2010,4,PTTP,66,15,2013,1,1
46,4,2010,4,PTTP,66,16,2011,1,2
46,4,2010,4,PTTP,68,15,2011,2,2
46,4,2010,4,PTTP,68,15,2012,1,1
46,4,2010,4,PTTP,68,16,2010,4,1
46,4,2010,4,PTTP,70,13,2011,1,1
46,4,2010,4,PTTP,70,15,2011,1,1
46,4,2010,4,PTTP,72,15,2010,4,1
46,4,2010,4,PTTP,72,16,2010,4,3
46,4,2010,4,PTTP,72,25,2011,3,1
46,4,2010,4,PTTP,74,15,2010,4,1
46,4,2010,4,PTTP,74,15,2011,1,1
46,4,2010,4,PTTP,74,15,2011,2,1
46,4,2010,4,PTTP,74,16,2010,4,2
46,4,2010,4,PTTP,76,13,2011,2,1
46,4,2010,4,PTTP,76,15,2010,4,2
46,4,2010,4,PTTP,78,13,2011,1,1
46,4,2010,4,PTTP,78,15,2010,4,1
46,4,2010,4,PTTP,78,15,2011,1,1
46,4,2010,4,PTTP,78,16,2010,4,1
46,4,2010,4,PTTP,80,16,2011,1,1
46,4,2010,4,PTTP,82,13,2011,4,1
46,4,2010,4,PTTP,82,15,2010,4,2
46,4,2010,4,PTTP,82,15,2011,1,2
46,4,2010,4,PTTP,82,15,2011,2,3
46,4,2010,4,PTTP,82,15,2011,4,1
46,4,2010,4,PTTP,82,16,2010,4,1
46,4,2010,4,PTTP,84,15,2011,1,1
46,4,2010,4,PTTP,84,16,2011,1,1
46,4,2010,4,PTTP,86,9,2014,2,1
46,4,2010,4,PTTP,86,15,2010,4,1
46,4,2010,4,PTTP,86,15,2012,2,1
46,4,2010,4,PTTP,88,15,2011,1,1
46,4,2010,4,PTTP,90,16,2010,4,2
46,4,2010,4,PTTP,92,15,2010,4,1
46,4,2010,4,PTTP,92,15,2011,2,1
46,4,2010,4,PTTP,94,16,2010,4,1
46,4,2010,4,PTTP,98,15,2010,4,1
46,4,2010,4,PTTP,98,15,2011,4,1
46,4,2010,4,PTTP,104,15,2010,4,1
47,4,2011,4,PTTP,36,16,2012,1,1
47,4,2011,4,PTTP,38,2,2014,4,1
47,4,2011,4,PTTP,38,13,2011,4,2
47,4,2011,4,PTTP,38,15,2011,4,3
47,4,2011,4,PTTP,38,15,2012,1,2
47,4,2011,4,PTTP,38,15,2012,2,1
47,4,2011,4,PTTP,38,15,2012,4,1
47,4,2011,4,PTTP,38,16,2011,4,2
47,4,2011,4,PTTP,38,16,2012,1,2
47,4,2011,4,PTTP,38,26,2011,4,1
47,4,2011,4,PTTP,40,13,2011,4,1
47,4,2011,4,PTTP,40,13,2012,1,1
47,4,2011,4,PTTP,40,13,2012,2,1
47,4,2011,4,PTTP,40,15,2011,4,5
47,4,2011,4,PTTP,40,15,2012,2,2
47,4,2011,4,PTTP,40,15,2013,1,1
47,4,2011,4,PTTP,40,16,2011,4,3
47,4,2011,4,PTTP,40,16,2012,1,1
47,4,2011,4,PTTP,40,26,2012,2,1
47,4,2011,4,PTTP,42,13,2011,4,1
47,4,2011,4,PTTP,42,13,2012,2,1
47,4,2011,4,PTTP,42,13,2013,2,1
47,4,2011,4,PTTP,42,13,2013,4,1
47,4,2011,4,PTTP,42,15,2011,4,10
47,4,2011,4,PTTP,42,15,2012,2,4
47,4,2011,4,PTTP,42,15,2012,4,1
47,4,2011,4,PTTP,42,15,2013,1,2
47,4,2011,4,PTTP,42,16,2011,4,1
47,4,2011,4,PTTP,42,16,2012,1,4
47,4,2011,4,PTTP,42,25,2012,1,1
47,4,2011,4,PTTP,42,25,2013,2,1
47,4,2011,4,PTTP,42,26,2011,4,1
47,4,2011,4,PTTP,44,13,2011,4,4
47,4,2011,4,PTTP,44,14,2011,4,1
47,4,2011,4,PTTP,44,15,2011,4,12
47,4,2011,4,PTTP,44,15,2012,2,4
47,4,2011,4,PTTP,44,15,2012,3,1
47,4,2011,4,PTTP,44,15,2012,4,2
47,4,2011,4,PTTP,44,15,2013,1,1
47,4,2011,4,PTTP,44,15,2013,2,1
47,4,2011,4,PTTP,44,16,2011,4,8
47,4,2011,4,PTTP,44,16,2012,1,4
47,4,2011,4,PTTP,46,13,2011,4,9
47,4,2011,4,PTTP,46,13,2012,2,3
47,4,2011,4,PTTP,46,13,2012,3,1
47,4,2011,4,PTTP,46,14,2011,4,1
47,4,2011,4,PTTP,46,15,2011,4,50
47,4,2011,4,PTTP,46,15,2012,1,1
47,4,2011,4,PTTP,46,15,2012,2,3
47,4,2011,4,PTTP,46,15,2012,3,1
47,4,2011,4,PTTP,46,15,2012,4,2
47,4,2011,4,PTTP,46,15,2013,1,1
47,4,2011,4,PTTP,46,16,2011,4,20
47,4,2011,4,PTTP,46,16,2012,1,5
47,4,2011,4,PTTP,46,25,2011,4,1
47,4,2011,4,PTTP,46,25,2012,2,1
47,4,2011,4,PTTP,46,26,2012,2,1
47,4,2011,4,PTTP,48,13,2011,4,3
47,4,2011,4,PTTP,48,13,2012,2,2
47,4,2011,4,PTTP,48,15,2011,4,24
47,4,2011,4,PTTP,48,15,2012,1,1
47,4,2011,4,PTTP,48,15,2012,2,2
47,4,2011,4,PTTP,48,15,2012,4,2
47,4,2011,4,PTTP,48,15,2013,1,3
47,4,2011,4,PTTP,48,16,2011,4,13
47,4,2011,4,PTTP,48,16,2012,2,1
47,4,2011,4,PTTP,48,26,2011,4,1
47,4,2011,4,PTTP,50,13,2011,4,8
47,4,2011,4,PTTP,50,13,2012,2,1
47,4,2011,4,PTTP,50,15,2011,4,26
47,4,2011,4,PTTP,50,15,2012,2,4
47,4,2011,4,PTTP,50,15,2012,4,1
47,4,2011,4,PTTP,50,16,2011,4,19
47,4,2011,4,PTTP,50,16,2012,1,2
47,4,2011,4,PTTP,50,26,2011,4,1
47,4,2011,4,PTTP,52,13,2011,4,12
47,4,2011,4,PTTP,52,14,2011,4,1
47,4,2011,4,PTTP,52,14,2013,2,1
47,4,2011,4,PTTP,52,15,2011,4,30
47,4,2011,4,PTTP,52,15,2012,1,2
47,4,2011,4,PTTP,52,15,2012,2,7
47,4,2011,4,PTTP,52,15,2012,3,2
47,4,2011,4,PTTP,52,15,2012,4,1
47,4,2011,4,PTTP,52,16,2011,4,14
47,4,2011,4,PTTP,52,16,2012,1,2
47,4,2011,4,PTTP,52,26,2011,4,1
47,4,2011,4,PTTP,54,13,2011,4,3
47,4,2011,4,PTTP,54,15,2011,4,21
47,4,2011,4,PTTP,54,15,2012,1,2
47,4,2011,4,PTTP,54,15,2012,2,1
47,4,2011,4,PTTP,54,15,2012,3,1
47,4,2011,4,PTTP,54,15,2012,4,1
47,4,2011,4,PTTP,54,15,2013,1,1
47,4,2011,4,PTTP,54,16,2011,4,10
47,4,2011,4,PTTP,56,13,2011,4,1
47,4,2011,4,PTTP,56,13,2012,1,1
47,4,2011,4,PTTP,56,13,2012,2,1
47,4,2011,4,PTTP,56,14,2011,4,1
47,4,2011,4,PTTP,56,15,2011,4,30
47,4,2011,4,PTTP,56,15,2012,1,1
47,4,2011,4,PTTP,56,15,2012,2,2
47,4,2011,4,PTTP,56,15,2012,4,1
47,4,2011,4,PTTP,56,15,2013,1,1
47,4,2011,4,PTTP,56,16,2011,4,14
47,4,2011,4,PTTP,56,16,2012,2,1
47,4,2011,4,PTTP,58,15,2011,4,22
47,4,2011,4,PTTP,58,15,2012,2,5
47,4,2011,4,PTTP,58,15,2012,4,2
47,4,2011,4,PTTP,58,15,2013,1,2
47,4,2011,4,PTTP,58,15,2013,2,1
47,4,2011,4,PTTP,58,16,2011,4,6
47,4,2011,4,PTTP,58,16,2012,1,2
47,4,2011,4,PTTP,60,13,2011,4,1
47,4,2011,4,PTTP,60,15,2011,4,23
47,4,2011,4,PTTP,60,15,2012,1,1
47,4,2011,4,PTTP,60,15,2012,2,2
47,4,2011,4,PTTP,60,15,2013,1,1
47,4,2011,4,PTTP,60,16,2011,4,14
47,4,2011,4,PTTP,60,16,2014,1,1
47,4,2011,4,PTTP,60,25,2011,4,2
47,4,2011,4,PTTP,62,13,2011,4,1
47,4,2011,4,PTTP,62,15,2011,4,22
47,4,2011,4,PTTP,62,15,2012,2,2
47,4,2011,4,PTTP,62,15,2012,4,1
47,4,2011,4,PTTP,62,15,2013,1,1
47,4,2011,4,PTTP,62,16,2011,4,6
47,4,2011,4,PTTP,62,25,2011,4,1
47,4,2011,4,PTTP,62,25,2012,2,1
47,4,2011,4,PTTP,64,13,2011,4,3
47,4,2011,4,PTTP,64,15,2011,4,21
47,4,2011,4,PTTP,64,15,2012,1,1
47,4,2011,4,PTTP,64,15,2012,2,1
47,4,2011,4,PTTP,64,15,2013,3,1
47,4,2011,4,PTTP,64,16,2011,4,9
47,4,2011,4,PTTP,64,16,2012,1,1
47,4,2011,4,PTTP,64,26,2011,4,1
47,4,2011,4,PTTP,66,15,2011,4,20
47,4,2011,4,PTTP,66,15,2012,1,1
47,4,2011,4,PTTP,66,15,2012,2,2
47,4,2011,4,PTTP,66,15,2012,4,1
47,4,2011,4,PTTP,66,15,2013,2,1
47,4,2011,4,PTTP,66,16,2011,4,15
47,4,2011,4,PTTP,66,16,2012,1,1
47,4,2011,4,PTTP,66,25,2011,4,1
47,4,2011,4,PTTP,68,5,2014,2,1
47,4,2011,4,PTTP,68,15,2011,4,15
47,4,2011,4,PTTP,68,15,2012,2,2
47,4,2011,4,PTTP,68,15,2013,1,1
47,4,2011,4,PTTP,68,16,2011,4,5
47,4,2011,4,PTTP,68,16,2012,1,1
47,4,2011,4,PTTP,68,25,2012,2,1
47,4,2011,4,PTTP,70,13,2012,2,1
47,4,2011,4,PTTP,70,15,2011,4,15
47,4,2011,4,PTTP,70,15,2012,4,1
47,4,2011,4,PTTP,70,15,2013,1,1
47,4,2011,4,PTTP,70,16,2011,4,10
47,4,2011,4,PTTP,70,25,2012,1,1
47,4,2011,4,PTTP,72,13,2011,4,2
47,4,2011,4,PTTP,72,15,2011,4,10
47,4,2011,4,PTTP,72,15,2012,1,1
47,4,2011,4,PTTP,72,15,2012,2,1
47,4,2011,4,PTTP,72,15,2013,1,1
47,4,2011,4,PTTP,72,16,2011,4,3
47,4,2011,4,PTTP,72,16,2012,2,1
47,4,2011,4,PTTP,74,13,2012,1,1
47,4,2011,4,PTTP,74,15,2011,4,8
47,4,2011,4,PTTP,74,15,2012,2,2
47,4,2011,4,PTTP,74,15,2013,1,1
47,4,2011,4,PTTP,74,16,2011,4,5
47,4,2011,4,PTTP,74,16,2012,1,1
47,4,2011,4,PTTP,76,13,2011,4,1
47,4,2011,4,PTTP,76,15,2011,4,2
47,4,2011,4,PTTP,76,16,2011,4,3
47,4,2011,4,PTTP,78,15,2011,4,2
47,4,2011,4,PTTP,78,15,2013,1,1
47,4,2011,4,PTTP,78,25,2011,4,1
47,4,2011,4,PTTP,80,15,2011,4,1
47,4,2011,4,PTTP,82,15,2011,4,2
47,4,2011,4,PTTP,82,16,2011,4,1
47,4,2011,4,PTTP,90,15,2012,4,1
48,4,2012,3,PTTP,48,16,2012,3,1
48,4,2012,3,PTTP,50,15,2012,3,2
48,4,2012,3,PTTP,50,15,2012,4,1
48,4,2012,3,PTTP,50,15,2013,2,1
48,4,2012,3,PTTP,50,16,2012,3,1
48,4,2012,3,PTTP,52,15,2012,3,3
48,4,2012,3,PTTP,54,15,2012,3,7
48,4,2012,3,PTTP,56,15,2012,3,13
48,4,2012,3,PTTP,56,15,2013,2,1
48,4,2012,3,PTTP,56,16,2012,3,1
48,4,2012,3,PTTP,58,15,2012,3,10
48,4,2012,3,PTTP,58,16,2012,4,1
48,4,2012,3,PTTP,60,15,2012,3,11
48,4,2012,3,PTTP,60,15,2012,4,3
48,4,2012,3,PTTP,62,15,2012,3,5
48,4,2012,3,PTTP,62,15,2013,2,1
48,4,2012,3,PTTP,62,16,2012,3,1
48,4,2012,3,PTTP,64,15,2012,3,1
48,4,2012,3,PTTP,64,15,2012,4,1
48,4,2012,3,PTTP,66,15,2012,3,4
48,4,2012,3,PTTP,68,15,2012,3,1
48,4,2012,3,PTTP,70,15,2012,3,4
48,4,2012,3,PTTP,72,15,2012,3,1
48,4,2012,3,PTTP,74,15,2012,3,1
48,4,2012,3,PTTP,78,15,2013,2,1
49,4,2012,4,PTTP,42,13,2012,4,2
49,4,2012,4,PTTP,42,13,2013,2,3
49,4,2012,4,PTTP,42,14,2012,4,1
49,4,2012,4,PTTP,42,15,2012,4,5
49,4,2012,4,PTTP,42,16,2012,4,4
49,4,2012,4,PTTP,42,25,2012,4,1
49,4,2012,4,PTTP,44,5,2015,2,1
49,4,2012,4,PTTP,44,13,2012,4,1
49,4,2012,4,PTTP,44,13,2013,2,1
49,4,2012,4,PTTP,44,13,2013,3,1
49,4,2012,4,PTTP,44,15,2012,4,28
49,4,2012,4,PTTP,44,16,2012,4,6
49,4,2012,4,PTTP,44,25,2013,2,1
49,4,2012,4,PTTP,46,4,2016,4,1
49,4,2012,4,PTTP,46,13,2012,4,5
49,4,2012,4,PTTP,46,13,2013,2,1
49,4,2012,4,PTTP,46,15,2012,4,68
49,4,2012,4,PTTP,46,15,2013,2,1
49,4,2012,4,PTTP,46,15,2013,4,1
49,4,2012,4,PTTP,46,16,2012,4,7
49,4,2012,4,PTTP,48,13,2012,4,2
49,4,2012,4,PTTP,48,14,2013,3,1
49,4,2012,4,PTTP,48,15,2012,4,85
49,4,2012,4,PTTP,48,15,2013,2,4
49,4,2012,4,PTTP,48,15,2013,3,1
49,4,2012,4,PTTP,48,15,2014,2,1
49,4,2012,4,PTTP,48,16,2012,4,5
49,4,2012,4,PTTP,50,13,2012,4,4
49,4,2012,4,PTTP,50,13,2013,2,2
49,4,2012,4,PTTP,50,15,2012,4,156
49,4,2012,4,PTTP,50,15,2013,2,12
49,4,2012,4,PTTP,50,15,2014,1,1
49,4,2012,4,PTTP,50,15,2014,2,1
49,4,2012,4,PTTP,50,15,2021,1,1
49,4,2012,4,PTTP,50,16,2012,4,9
49,4,2012,4,PTTP,50,25,2012,4,3
49,4,2012,4,PTTP,52,9,2014,3,1
49,4,2012,4,PTTP,52,13,2012,4,3
49,4,2012,4,PTTP,52,13,2013,2,3
49,4,2012,4,PTTP,52,13,2013,3,1
49,4,2012,4,PTTP,52,14,2012,4,1
49,4,2012,4,PTTP,52,15,2012,4,250
49,4,2012,4,PTTP,52,15,2013,2,17
49,4,2012,4,PTTP,52,15,2014,1,2
49,4,2012,4,PTTP,52,16,2012,4,27
49,4,2012,4,PTTP,52,16,2013,1,2
49,4,2012,4,PTTP,52,16,2013,2,1
49,4,2012,4,PTTP,52,16,2013,3,1
49,4,2012,4,PTTP,54,13,2012,4,3
49,4,2012,4,PTTP,54,13,2013,3,2
49,4,2012,4,PTTP,54,13,2013,4,1
49,4,2012,4,PTTP,54,14,2012,4,1
49,4,2012,4,PTTP,54,15,2012,4,228
49,4,2012,4,PTTP,54,15,2013,1,1
49,4,2012,4,PTTP,54,15,2013,2,21
49,4,2012,4,PTTP,54,15,2014,1,3
49,4,2012,4,PTTP,54,15,2021,1,1
49,4,2012,4,PTTP,54,16,2012,4,21
49,4,2012,4,PTTP,54,16,2013,2,2
49,4,2012,4,PTTP,54,25,2013,3,1
49,4,2012,4,PTTP,56,9,2018,1,1
49,4,2012,4,PTTP,56,9,2019,4,1
49,4,2012,4,PTTP,56,13,2012,4,2
49,4,2012,4,PTTP,56,13,2013,2,2
49,4,2012,4,PTTP,56,13,2014,1,1
49,4,2012,4,PTTP,56,15,2012,4,267
49,4,2012,4,PTTP,56,15,2013,1,1
49,4,2012,4,PTTP,56,15,2013,2,10
49,4,2012,4,PTTP,56,15,2014,1,2
49,4,2012,4,PTTP,56,16,2012,4,30
49,4,2012,4,PTTP,56,16,2017,3,1
49,4,2012,4,PTTP,58,9,2015,4,1
49,4,2012,4,PTTP,58,13,2012,4,3
49,4,2012,4,PTTP,58,13,2013,2,1
49,4,2012,4,PTTP,58,13,2013,3,1
49,4,2012,4,PTTP,58,15,2012,4,152
49,4,2012,4,PTTP,58,15,2013,2,9
49,4,2012,4,PTTP,58,15,2014,1,2
49,4,2012,4,PTTP,58,16,2012,4,13
49,4,2012,4,PTTP,60,5,2014,3,1
49,4,2012,4,PTTP,60,13,2012,4,1
49,4,2012,4,PTTP,60,13,2013,2,2
49,4,2012,4,PTTP,60,15,2012,4,99
49,4,2012,4,PTTP,60,15,2013,2,9
49,4,2012,4,PTTP,60,15,2014,1,1
49,4,2012,4,PTTP,60,16,2012,4,15
49,4,2012,4,PTTP,62,13,2012,4,1
49,4,2012,4,PTTP,62,15,2012,4,79
49,4,2012,4,PTTP,62,15,2013,2,8
49,4,2012,4,PTTP,62,15,2014,1,1
49,4,2012,4,PTTP,62,16,2012,4,10
49,4,2012,4,PTTP,64,15,2012,4,50
49,4,2012,4,PTTP,64,15,2013,2,5
49,4,2012,4,PTTP,64,16,2012,4,5
49,4,2012,4,PTTP,64,16,2013,3,1
49,4,2012,4,PTTP,66,14,2012,4,1
49,4,2012,4,PTTP,66,15,2012,4,28
49,4,2012,4,PTTP,66,15,2013,1,1
49,4,2012,4,PTTP,66,15,2013,2,3
49,4,2012,4,PTTP,66,16,2012,4,1
49,4,2012,4,PTTP,68,15,2012,4,9
49,4,2012,4,PTTP,68,15,2013,2,4
49,4,2012,4,PTTP,68,16,2012,4,2
49,4,2012,4,PTTP,70,13,2012,4,1
49,4,2012,4,PTTP,70,15,2012,4,9
49,4,2012,4,PTTP,70,16,2012,4,1
49,4,2012,4,PTTP,72,15,2012,4,2
50,4,2013,4,PTTP,34,15,2013,4,1
50,4,2013,4,PTTP,34,16,2013,4,1
50,4,2013,4,PTTP,36,15,2013,4,1
50,4,2013,4,PTTP,40,13,2013,4,1
50,4,2013,4,PTTP,40,15,2013,4,2
50,4,2013,4,PTTP,40,15,2014,1,1
50,4,2013,4,PTTP,40,15,2014,4,1
50,4,2013,4,PTTP,40,16,2013,4,1
50,4,2013,4,PTTP,42,13,2014,2,1
50,4,2013,4,PTTP,42,15,2013,4,14
50,4,2013,4,PTTP,42,15,2014,1,3
50,4,2013,4,PTTP,42,15,2014,2,1
50,4,2013,4,PTTP,42,15,2014,4,2
50,4,2013,4,PTTP,42,16,2013,4,2
50,4,2013,4,PTTP,42,16,2014,1,3
50,4,2013,4,PTTP,42,25,2015,2,1
50,4,2013,4,PTTP,44,9,2015,3,1
50,4,2013,4,PTTP,44,13,2014,2,1
50,4,2013,4,PTTP,44,15,2013,4,19
50,4,2013,4,PTTP,44,15,2014,1,5
50,4,2013,4,PTTP,44,15,2014,2,7
50,4,2013,4,PTTP,44,15,2015,1,1
50,4,2013,4,PTTP,44,15,2016,2,1
50,4,2013,4,PTTP,44,15,2021,1,1
50,4,2013,4,PTTP,44,16,2013,4,4
50,4,2013,4,PTTP,44,16,2014,1,10
50,4,2013,4,PTTP,46,5,2015,3,1
50,4,2013,4,PTTP,46,13,2013,4,1
50,4,2013,4,PTTP,46,13,2014,1,1
50,4,2013,4,PTTP,46,15,2013,4,26
50,4,2013,4,PTTP,46,15,2014,1,6
50,4,2013,4,PTTP,46,15,2014,2,3
50,4,2013,4,PTTP,46,15,2014,3,1
50,4,2013,4,PTTP,46,15,2014,4,3
50,4,2013,4,PTTP,46,15,2015,2,1
50,4,2013,4,PTTP,46,15,2016,2,2
50,4,2013,4,PTTP,46,16,2013,4,13
50,4,2013,4,PTTP,46,16,2014,1,10
50,4,2013,4,PTTP,48,13,2013,4,1
50,4,2013,4,PTTP,48,13,2014,2,1
50,4,2013,4,PTTP,48,15,2013,4,17
50,4,2013,4,PTTP,48,15,2014,1,8
50,4,2013,4,PTTP,48,15,2014,2,3
50,4,2013,4,PTTP,48,15,2014,4,2
50,4,2013,4,PTTP,48,15,2018,3,1
50,4,2013,4,PTTP,48,16,2013,4,3
50,4,2013,4,PTTP,48,16,2014,1,8
50,4,2013,4,PTTP,50,15,2013,4,15
50,4,2013,4,PTTP,50,15,2014,1,7
50,4,2013,4,PTTP,50,15,2015,1,1
50,4,2013,4,PTTP,50,15,2015,2,1
50,4,2013,4,PTTP,50,16,2013,4,2
50,4,2013,4,PTTP,50,16,2014,1,12
50,4,2013,4,PTTP,52,15,2013,4,5
50,4,2013,4,PTTP,52,15,2014,1,3
50,4,2013,4,PTTP,52,15,2014,2,1
50,4,2013,4,PTTP,52,16,2013,4,7
50,4,2013,4,PTTP,52,16,2014,1,8
50,4,2013,4,PTTP,54,15,2013,4,8
50,4,2013,4,PTTP,54,15,2014,1,4
50,4,2013,4,PTTP,54,16,2013,4,1
50,4,2013,4,PTTP,54,16,2014,1,4
50,4,2013,4,PTTP,56,15,2013,4,5
50,4,2013,4,PTTP,56,15,2014,1,1
50,4,2013,4,PTTP,56,15,2014,2,1
50,4,2013,4,PTTP,56,15,2015,1,1
50,4,2013,4,PTTP,56,16,2013,4,2
50,4,2013,4,PTTP,56,16,2014,1,2
50,4,2013,4,PTTP,58,16,2013,4,2
50,4,2013,4,PTTP,58,16,2014,1,1
50,4,2013,4,PTTP,60,15,2013,4,1
50,4,2013,4,PTTP,60,15,2014,1,2
50,4,2013,4,PTTP,60,16,2013,4,3
50,4,2013,4,PTTP,60,16,2014,1,3
50,4,2013,4,PTTP,62,15,2014,1,1
50,4,2013,4,PTTP,62,16,2013,4,1
50,4,2013,4,PTTP,62,16,2014,1,1
50,4,2013,4,PTTP,64,15,2013,4,2
50,4,2013,4,PTTP,64,15,2014,2,1
50,4,2013,4,PTTP,64,16,2013,4,1
50,4,2013,4,PTTP,66,15,2013,4,2
50,4,2013,4,PTTP,68,15,2013,4,1
50,4,2013,4,PTTP,70,15,2013,4,2
50,4,2013,4,PTTP,70,16,2013,4,3
50,4,2013,4,PTTP,70,16,2014,1,3
50,4,2013,4,PTTP,72,9,2016,2,1
50,4,2013,4,PTTP,72,13,2014,1,1
50,4,2013,4,PTTP,72,15,2013,4,10
50,4,2013,4,PTTP,72,15,2014,1,1
50,4,2013,4,PTTP,72,16,2014,1,4
50,4,2013,4,PTTP,74,15,2013,4,2
50,4,2013,4,PTTP,74,15,2014,1,1
50,4,2013,4,PTTP,74,15,2014,2,1
50,4,2013,4,PTTP,74,15,2014,3,1
50,4,2013,4,PTTP,74,16,2013,4,2
50,4,2013,4,PTTP,76,9,2015,3,1
50,4,2013,4,PTTP,76,15,2013,4,2
50,4,2013,4,PTTP,76,15,2014,1,1
50,4,2013,4,PTTP,76,15,2014,2,1
50,4,2013,4,PTTP,76,16,2013,4,2
50,4,2013,4,PTTP,78,15,2013,4,3
50,4,2013,4,PTTP,78,16,2013,4,4
50,4,2013,4,PTTP,80,15,2013,4,4
50,4,2013,4,PTTP,80,16,2013,4,3
50,4,2013,4,PTTP,82,16,2013,4,2
50,4,2013,4,PTTP,82,16,2014,1,1
50,4,2013,4,PTTP,84,15,2013,4,2
50,4,2013,4,PTTP,84,16,2013,4,1
50,4,2013,4,PTTP,86,15,2013,4,1
50,4,2013,4,PTTP,86,15,2014,1,1
50,4,2013,4,PTTP,86,16,2013,4,1
50,4,2013,4,PTTP,86,16,2014,1,1
50,4,2013,4,PTTP,88,15,2013,4,1
50,4,2013,4,PTTP,88,15,2014,4,1
50,4,2013,4,PTTP,88,16,2013,4,1
50,4,2013,4,PTTP,90,9,2013,4,1
50,4,2013,4,PTTP,90,15,2014,1,1
50,4,2013,4,PTTP,90,16,2014,1,1
52,4,2015,3,PTTP,36,15,2015,3,1
52,4,2015,3,PTTP,38,16,2015,3,1
52,4,2015,3,PTTP,42,15,2015,4,1
52,4,2015,3,PTTP,44,15,2015,3,2
52,4,2015,3,PTTP,44,15,2016,4,1
52,4,2015,3,PTTP,48,15,2015,3,1
52,4,2015,3,PTTP,48,15,2016,2,1
52,4,2015,3,PTTP,48,25,2016,3,1
52,4,2015,3,PTTP,50,15,2015,3,1
52,4,2015,3,PTTP,50,15,2015,4,1
52,4,2015,3,PTTP,50,15,2016,2,2
52,4,2015,3,PTTP,50,15,2016,4,1
52,4,2015,3,PTTP,50,15,2017,1,1
52,4,2015,3,PTTP,56,15,2015,3,1
52,4,2015,3,PTTP,60,15,2015,3,1
53,4,2015,4,PTTP,38,15,2015,4,3
53,4,2015,4,PTTP,40,15,2015,4,5
53,4,2015,4,PTTP,40,16,2016,2,1
53,4,2015,4,PTTP,42,15,2015,4,4
53,4,2015,4,PTTP,44,13,2016,2,1
53,4,2015,4,PTTP,44,15,2015,4,3
53,4,2015,4,PTTP,46,15,2015,4,6
53,4,2015,4,PTTP,48,15,2015,4,1
53,4,2015,4,PTTP,48,15,2016,3,1
53,4,2015,4,PTTP,48,15,2016,4,1
53,4,2015,4,PTTP,50,15,2015,4,8
53,4,2015,4,PTTP,50,15,2016,4,1
53,4,2015,4,PTTP,52,15,2015,4,6
53,4,2015,4,PTTP,52,15,2016,2,1
53,4,2015,4,PTTP,52,15,2016,4,1
53,4,2015,4,PTTP,54,15,2015,4,17
53,4,2015,4,PTTP,54,15,2016,2,1
53,4,2015,4,PTTP,56,13,2017,2,1
53,4,2015,4,PTTP,56,15,2015,4,17
53,4,2015,4,PTTP,56,15,2016,2,1
53,4,2015,4,PTTP,56,16,2015,4,1
53,4,2015,4,PTTP,58,15,2015,4,9
53,4,2015,4,PTTP,60,15,2015,4,6
53,4,2015,4,PTTP,62,15,2015,4,3
53,4,2015,4,PTTP,64,15,2015,4,1
53,4,2015,4,PTTP,64,15,2016,2,1
54,4,2016,3,PTTP,36,15,2016,3,1
54,4,2016,3,PTTP,38,13,2016,3,1
54,4,2016,3,PTTP,38,15,2016,3,1
54,4,2016,3,PTTP,40,13,2016,3,6
54,4,2016,3,PTTP,40,15,2016,3,1
54,4,2016,3,PTTP,40,15,2016,4,1
54,4,2016,3,PTTP,42,13,2016,3,3
54,4,2016,3,PTTP,42,15,2016,3,1
54,4,2016,3,PTTP,44,13,2016,3,5
54,4,2016,3,PTTP,44,13,2017,4,1
54,4,2016,3,PTTP,44,15,2016,3,1
54,4,2016,3,PTTP,46,13,2016,3,2
54,4,2016,3,PTTP,46,13,2016,4,1
54,4,2016,3,PTTP,46,15,2016,3,8
54,4,2016,3,PTTP,48,13,2016,3,4
54,4,2016,3,PTTP,48,13,2016,4,1
54,4,2016,3,PTTP,48,13,2018,3,1
54,4,2016,3,PTTP,48,15,2016,3,3
54,4,2016,3,PTTP,48,15,2017,2,1
54,4,2016,3,PTTP,48,16,2016,3,1
54,4,2016,3,PTTP,48,17,2019,1,1
54,4,2016,3,PTTP,48,25,2016,4,1
54,4,2016,3,PTTP,48,26,2017,4,1
54,4,2016,3,PTTP,50,13,2016,3,3
54,4,2016,3,PTTP,50,13,2016,4,1
54,4,2016,3,PTTP,50,13,2017,2,1
54,4,2016,3,PTTP,50,15,2016,3,4
54,4,2016,3,PTTP,50,16,2016,3,2
54,4,2016,3,PTTP,52,13,2016,3,2
54,4,2016,3,PTTP,52,13,2016,4,1
54,4,2016,3,PTTP,52,13,2017,1,2
54,4,2016,3,PTTP,52,14,2016,3,1
54,4,2016,3,PTTP,52,15,2017,2,1
54,4,2016,3,PTTP,52,15,2017,3,1
54,4,2016,3,PTTP,52,15,2017,4,1
54,4,2016,3,PTTP,52,16,2016,3,1
54,4,2016,3,PTTP,54,13,2016,3,8
54,4,2016,3,PTTP,54,13,2016,4,2
54,4,2016,3,PTTP,54,13,2017,3,1
54,4,2016,3,PTTP,54,15,2016,3,4
54,4,2016,3,PTTP,54,15,2016,4,2
54,4,2016,3,PTTP,54,16,2016,4,1
54,4,2016,3,PTTP,56,13,2016,3,6
54,4,2016,3,PTTP,56,15,2016,3,3
54,4,2016,3,PTTP,56,15,2016,4,1
54,4,2016,3,PTTP,58,13,2016,3,2
54,4,2016,3,PTTP,58,15,2016,3,2
54,4,2016,3,PTTP,58,15,2016,4,1
54,4,2016,3,PTTP,60,13,2016,3,2
54,4,2016,3,PTTP,60,15,2016,3,1
54,4,2016,3,PTTP,60,15,2017,2,1
54,4,2016,3,PTTP,60,15,2018,2,1
54,4,2016,3,PTTP,62,13,2016,3,1
54,4,2016,3,PTTP,62,13,2016,4,1
54,4,2016,3,PTTP,62,15,2016,3,2
54,4,2016,3,PTTP,64,15,2016,3,1
54,4,2016,3,PTTP,64,15,2016,4,1
54,4,2016,3,PTTP,64,16,2016,3,1
54,4,2016,3,PTTP,66,13,2016,3,1
54,4,2016,3,PTTP,70,15,2016,3,1
54,4,2016,3,PTTP,70,16,2016,3,1
54,4,2016,3,PTTP,74,15,2016,4,1
54,4,2016,3,PTTP,74,15,2017,2,1
55,4,2016,4,PTTP,40,13,2016,4,1
55,4,2016,4,PTTP,44,13,2016,4,1
55,4,2016,4,PTTP,44,15,2016,4,1
55,4,2016,4,PTTP,46,13,2016,4,6
55,4,2016,4,PTTP,46,15,2016,4,1
55,4,2016,4,PTTP,46,16,2016,4,1
55,4,2016,4,PTTP,48,13,2016,4,11
55,4,2016,4,PTTP,48,15,2016,4,1
55,4,2016,4,PTTP,48,15,2017,2,1
55,4,2016,4,PTTP,50,13,2016,4,7
55,4,2016,4,PTTP,50,13,2017,2,1
55,4,2016,4,PTTP,50,15,2016,4,8
55,4,2016,4,PTTP,50,16,2016,4,1
55,4,2016,4,PTTP,52,13,2016,4,9
55,4,2016,4,PTTP,52,13,2017,4,1
55,4,2016,4,PTTP,52,15,2016,4,2
55,4,2016,4,PTTP,52,16,2016,4,1
55,4,2016,4,PTTP,54,13,2016,4,6
55,4,2016,4,PTTP,54,13,2017,4,1
55,4,2016,4,PTTP,54,15,2016,4,4
55,4,2016,4,PTTP,54,16,2016,4,1
55,4,2016,4,PTTP,56,9,2020,2,1
55,4,2016,4,PTTP,56,13,2016,4,7
55,4,2016,4,PTTP,56,15,2016,4,1
55,4,2016,4,PTTP,56,15,2017,4,1
55,4,2016,4,PTTP,58,13,2016,4,3
55,4,2016,4,PTTP,58,15,2017,3,1
55,4,2016,4,PTTP,60,13,2016,4,3
55,4,2016,4,PTTP,62,13,2016,4,3
55,4,2016,4,PTTP,62,15,2016,4,1
55,4,2016,4,PTTP,64,13,2016,4,4
55,4,2016,4,PTTP,64,15,2016,4,1
55,4,2016,4,PTTP,66,13,2016,4,1
55,4,2016,4,PTTP,68,15,2016,4,1
55,4,2016,4,PTTP,72,15,2016,4,1
56,4,2018,3,PTTP,38,13,2019,2,1
56,4,2018,3,PTTP,42,15,2018,3,1
56,4,2018,3,PTTP,44,15,2018,3,2
56,4,2018,3,PTTP,44,26,2020,1,1
56,4,2018,3,PTTP,46,13,2018,3,2
56,4,2018,3,PTTP,46,15,2018,3,1
56,4,2018,3,PTTP,46,15,2018,4,1
56,4,2018,3,PTTP,46,15,2019,2,1
56,4,2018,3,PTTP,50,13,2019,1,2
56,4,2018,3,PTTP,52,15,2019,2,1
56,4,2018,3,PTTP,52,16,2018,4,1
56,4,2018,3,PTTP,56,15,2018,3,1
56,4,2018,3,PTTP,64,15,2019,2,1
57,4,2020,3,PTTP,30,15,2020,3,1
57,4,2020,3,PTTP,30,15,2021,3,1
57,4,2020,3,PTTP,34,15,2020,3,1
57,4,2020,3,PTTP,34,16,2021,2,2
57,4,2020,3,PTTP,36,13,2020,3,1
57,4,2020,3,PTTP,36,15,2020,4,1
57,4,2020,3,PTTP,36,15,2021,2,1
57,4,2020,3,PTTP,36,15,2021,3,1
57,4,2020,3,PTTP,36,15,2021,4,1
57,4,2020,3,PTTP,36,16,2020,4,2
57,4,2020,3,PTTP,38,13,2021,1,2
57,4,2020,3,PTTP,38,13,2021,2,1
57,4,2020,3,PTTP,38,15,2020,3,4
57,4,2020,3,PTTP,38,15,2020,4,3
57,4,2020,3,PTTP,38,15,2021,1,1
57,4,2020,3,PTTP,38,15,2021,2,1
57,4,2020,3,PTTP,38,16,2020,3,1
57,4,2020,3,PTTP,38,16,2020,4,1
57,4,2020,3,PTTP,40,13,2020,3,2
57,4,2020,3,PTTP,40,13,2020,4,2
57,4,2020,3,PTTP,40,13,2021,1,2
57,4,2020,3,PTTP,40,13,2021,2,2
57,4,2020,3,PTTP,40,14,2021,1,1
57,4,2020,3,PTTP,40,15,2020,3,7
57,4,2020,3,PTTP,40,15,2020,4,8
57,4,2020,3,PTTP,40,15,2021,1,2
57,4,2020,3,PTTP,40,15,2021,2,2
57,4,2020,3,PTTP,40,15,2021,3,1
57,4,2020,3,PTTP,40,16,2020,3,1
57,4,2020,3,PTTP,40,16,2020,4,7
57,4,2020,3,PTTP,40,16,2021,2,2
57,4,2020,3,PTTP,42,13,2020,3,1
57,4,2020,3,PTTP,42,13,2020,4,4
57,4,2020,3,PTTP,42,13,2021,2,5
57,4,2020,3,PTTP,42,15,2020,3,4
57,4,2020,3,PTTP,42,15,2020,4,5
57,4,2020,3,PTTP,42,15,2021,1,1
57,4,2020,3,PTTP,42,15,2021,2,6
57,4,2020,3,PTTP,42,16,2020,3,4
57,4,2020,3,PTTP,42,16,2020,4,4
57,4,2020,3,PTTP,42,16,2021,2,2
57,4,2020,3,PTTP,42,25,2021,3,1
57,4,2020,3,PTTP,44,13,2020,3,2
57,4,2020,3,PTTP,44,13,2020,4,4
57,4,2020,3,PTTP,44,13,2021,2,1
57,4,2020,3,PTTP,44,14,2021,2,1
57,4,2020,3,PTTP,44,15,2020,3,12
57,4,2020,3,PTTP,44,15,2020,4,4
57,4,2020,3,PTTP,44,15,2021,1,1
57,4,2020,3,PTTP,44,15,2021,2,4
57,4,2020,3,PTTP,44,16,2020,3,4
57,4,2020,3,PTTP,44,16,2020,4,1
57,4,2020,3,PTTP,44,16,2021,2,1
57,4,2020,3,PTTP,44,25,2021,3,1
57,4,2020,3,PTTP,44,26,2020,3,1
57,4,2020,3,PTTP,46,13,2020,4,3
57,4,2020,3,PTTP,46,13,2021,1,1
57,4,2020,3,PTTP,46,13,2021,2,2
57,4,2020,3,PTTP,46,15,2020,3,10
57,4,2020,3,PTTP,46,15,2020,4,2
57,4,2020,3,PTTP,46,15,2021,2,7
57,4,2020,3,PTTP,46,15,2021,3,1
57,4,2020,3,PTTP,46,16,2020,3,3
57,4,2020,3,PTTP,46,16,2020,4,1
57,4,2020,3,PTTP,48,13,2020,4,1
57,4,2020,3,PTTP,48,14,2020,4,1
57,4,2020,3,PTTP,48,15,2020,3,7
57,4,2020,3,PTTP,48,15,2020,4,5
57,4,2020,3,PTTP,48,15,2021,1,1
57,4,2020,3,PTTP,48,15,2021,2,3
57,4,2020,3,PTTP,48,16,2020,3,3
57,4,2020,3,PTTP,48,16,2020,4,2
57,4,2020,3,PTTP,48,16,2021,2,1
57,4,2020,3,PTTP,50,13,2020,3,1
57,4,2020,3,PTTP,50,13,2020,4,1
57,4,2020,3,PTTP,50,13,2021,1,1
57,4,2020,3,PTTP,50,13,2021,2,1
57,4,2020,3,PTTP,50,15,2020,3,5
57,4,2020,3,PTTP,50,15,2020,4,5
57,4,2020,3,PTTP,50,15,2021,2,2
57,4,2020,3,PTTP,50,15,2021,3,1
57,4,2020,3,PTTP,50,16,2020,3,2
57,4,2020,3,PTTP,50,16,2020,4,2
57,4,2020,3,PTTP,52,13,2020,3,2
57,4,2020,3,PTTP,52,15,2020,3,6
57,4,2020,3,PTTP,52,15,2020,4,7
57,4,2020,3,PTTP,52,15,2021,2,4
57,4,2020,3,PTTP,52,15,2021,3,1
57,4,2020,3,PTTP,52,15,2021,4,1
57,4,2020,3,PTTP,52,16,2020,3,3
57,4,2020,3,PTTP,52,16,2020,4,1
57,4,2020,3,PTTP,52,25,2020,3,1
57,4,2020,3,PTTP,52,25,2020,4,1
57,4,2020,3,PTTP,54,13,2021,2,1
57,4,2020,3,PTTP,54,15,2020,3,5
57,4,2020,3,PTTP,54,15,2020,4,10
57,4,2020,3,PTTP,54,15,2021,1,1
57,4,2020,3,PTTP,54,15,2021,2,1
57,4,2020,3,PTTP,54,15,2021,4,1
57,4,2020,3,PTTP,54,16,2020,3,2
57,4,2020,3,PTTP,54,16,2020,4,1
57,4,2020,3,PTTP,54,16,2021,2,1
57,4,2020,3,PTTP,54,26,2020,4,1
57,4,2020,3,PTTP,56,15,2020,3,5
57,4,2020,3,PTTP,56,15,2020,4,2
57,4,2020,3,PTTP,56,15,2021,2,4
57,4,2020,3,PTTP,56,16,2020,3,1
57,4,2020,3,PTTP,58,15,2020,3,2
57,4,2020,3,PTTP,58,16,2020,3,2
57,4,2020,3,PTTP,58,16,2020,4,2
57,4,2020,3,PTTP,60,15,2020,3,2
57,4,2020,3,PTTP,64,15,2020,3,2
57,4,2020,3,PTTP,64,15,2021,2,2
57,4,2020,3,PTTP,66,15,2021,2,1
57,4,2020,3,PTTP,68,15,2020,3,1
57,4,2020,3,PTTP,68,15,2020,4,1
57,4,2020,3,PTTP,68,15,2021,2,1
57,4,2020,3,PTTP,68,16,2020,3,1
57,4,2020,3,PTTP,72,15,2020,4,1
57,4,2020,3,PTTP,72,16,2020,3,2
57,4,2020,3,PTTP,74,13,2020,4,1
57,4,2020,3,PTTP,74,15,2021,3,1
57,4,2020,3,PTTP,76,13,2020,3,1
57,4,2020,3,PTTP,76,15,2020,3,1
57,4,2020,3,PTTP,76,15,2020,4,1
57,4,2020,3,PTTP,76,15,2021,2,1
57,4,2020,3,PTTP,78,15,2020,4,3
57,4,2020,3,PTTP,80,15,2020,3,3
57,4,2020,3,PTTP,80,16,2020,4,1
57,4,2020,3,PTTP,82,15,2020,3,1
57,4,2020,3,PTTP,82,15,2021,2,1
57,4,2020,3,PTTP,86,15,2021,2,1
57,4,2020,3,PTTP,88,13,2020,3,1
57,4,2020,3,PTTP,88,15,2020,3,1
57,4,2020,3,PTTP,88,15,2020,4,2
57,4,2020,3,PTTP,90,15,2020,3,1
57,4,2020,3,PTTP,90,15,2020,4,1
57,4,2020,3,PTTP,92,15,2020,3,1
57,4,2020,3,PTTP,92,15,2020,4,4
57,4,2020,3,PTTP,92,15,2021,2,2
57,4,2020,3,PTTP,94,15,2020,3,2
57,4,2020,3,PTTP,94,15,2020,4,2
57,4,2020,3,PTTP,96,15,2020,4,1
57,4,2020,3,PTTP,98,15,2020,3,1
58,5,2009,1,PTTP,38,25,2009,3,1
58,5,2009,1,PTTP,40,25,2010,1,1
58,5,2009,1,PTTP,44,13,2010,2,1
58,5,2009,1,PTTP,46,8,2011,2,1
58,5,2009,1,PTTP,46,13,2009,4,1
58,5,2009,1,PTTP,48,25,2009,4,1
58,5,2009,1,PTTP,64,25,2009,4,1
59,7,2008,3,PTTP,30,24,2008,3,2
59,7,2008,3,PTTP,32,24,2008,3,3
59,7,2008,3,PTTP,38,24,2008,3,1
60,7,2008,4,PTTP,30,24,2008,4,1
60,7,2008,4,PTTP,36,23,2008,4,1
60,7,2008,4,PTTP,36,28,2008,4,1
60,7,2008,4,PTTP,38,17,2008,4,3
60,7,2008,4,PTTP,38,23,2008,4,8
60,7,2008,4,PTTP,38,24,2008,4,3
60,7,2008,4,PTTP,38,28,2008,4,3
60,7,2008,4,PTTP,40,17,2008,4,4
60,7,2008,4,PTTP,40,23,2008,4,9
60,7,2008,4,PTTP,40,23,2009,2,2
60,7,2008,4,PTTP,40,23,2009,3,1
60,7,2008,4,PTTP,40,24,2008,4,8
60,7,2008,4,PTTP,40,28,2008,4,3
60,7,2008,4,PTTP,40,28,2009,2,1
60,7,2008,4,PTTP,42,17,2008,4,2
60,7,2008,4,PTTP,42,23,2008,4,9
60,7,2008,4,PTTP,42,23,2010,1,1
60,7,2008,4,PTTP,42,24,2008,4,4
60,7,2008,4,PTTP,42,24,2009,2,1
60,7,2008,4,PTTP,42,25,2008,4,1
60,7,2008,4,PTTP,42,25,2009,3,1
60,7,2008,4,PTTP,42,28,2008,4,1
60,7,2008,4,PTTP,44,17,2008,4,2
60,7,2008,4,PTTP,44,17,2009,3,1
60,7,2008,4,PTTP,44,23,2008,4,2
60,7,2008,4,PTTP,44,24,2009,2,1
60,7,2008,4,PTTP,48,17,2008,4,1
60,7,2008,4,PTTP,50,24,2008,4,1
60,7,2008,4,PTTP,50,25,2009,4,1
60,7,2008,4,PTTP,52,24,2008,4,1
61,7,2009,3,PTTP,32,17,2009,3,1
61,7,2009,3,PTTP,32,23,2009,3,10
61,7,2009,3,PTTP,32,23,2009,4,1
61,7,2009,3,PTTP,32,24,2009,3,1
61,7,2009,3,PTTP,32,24,2010,2,2
61,7,2009,3,PTTP,32,25,2009,4,1
61,7,2009,3,PTTP,32,25,2010,1,1
61,7,2009,3,PTTP,34,14,2009,4,1
61,7,2009,3,PTTP,34,17,2010,1,1
61,7,2009,3,PTTP,34,23,2009,3,14
61,7,2009,3,PTTP,34,23,2009,4,4
61,7,2009,3,PTTP,34,24,2009,3,4
61,7,2009,3,PTTP,34,24,2009,4,1
61,7,2009,3,PTTP,34,24,2010,1,1
61,7,2009,3,PTTP,34,24,2010,4,2
61,7,2009,3,PTTP,36,17,2009,3,1
61,7,2009,3,PTTP,36,23,2009,3,5
61,7,2009,3,PTTP,40,17,2010,1,1
61,7,2009,3,PTTP,42,6,2009,3,1
62,7,2019,3,PTTP,58,13,2019,4,1
63,8,2006,3,PTTP,36,25,2006,3,1
63,8,2006,3,PTTP,38,25,2006,3,1
63,8,2006,3,PTTP,42,13,2006,3,1
63,8,2006,3,PTTP,42,25,2006,3,3
63,8,2006,3,PTTP,44,25,2006,3,4
63,8,2006,3,PTTP,44,25,2006,4,1
63,8,2006,3,PTTP,46,25,2006,3,7
63,8,2006,3,PTTP,46,25,2007,1,1
63,8,2006,3,PTTP,48,25,2006,3,2
63,8,2006,3,PTTP,48,25,2007,2,1
63,8,2006,3,PTTP,50,25,2006,3,3
63,8,2006,3,PTTP,54,25,2006,3,1
63,8,2006,3,PTTP,54,25,2007,2,1
63,8,2006,3,PTTP,58,13,2007,3,1
63,8,2006,3,PTTP,58,25,2006,3,11
63,8,2006,3,PTTP,58,25,2007,2,2
63,8,2006,3,PTTP,58,25,2007,3,1
63,8,2006,3,PTTP,60,25,2006,3,37
63,8,2006,3,PTTP,60,25,2006,4,2
63,8,2006,3,PTTP,60,25,2007,2,2
63,8,2006,3,PTTP,60,25,2007,3,3
63,8,2006,3,PTTP,60,26,2006,3,1
63,8,2006,3,PTTP,62,25,2006,3,34
63,8,2006,3,PTTP,62,25,2007,2,6
63,8,2006,3,PTTP,62,25,2007,3,6
63,8,2006,3,PTTP,62,26,2006,4,1
63,8,2006,3,PTTP,64,25,2006,3,1
63,8,2006,3,PTTP,64,25,2007,2,1
63,8,2006,3,PTTP,66,25,2007,2,1
63,8,2006,3,PTTP,66,26,2006,4,1
63,8,2006,3,PTTP,70,25,2006,3,1
63,8,2006,3,PTTP,72,25,2006,3,1
64,8,2006,4,PTTP,40,25,2007,3,1
64,8,2006,4,PTTP,42,25,2006,4,1
64,8,2006,4,PTTP,44,25,2006,4,4
64,8,2006,4,PTTP,46,25,2008,2,1
64,8,2006,4,PTTP,48,13,2006,4,1
64,8,2006,4,PTTP,48,25,2006,4,3
64,8,2006,4,PTTP,48,25,2007,3,4
64,8,2006,4,PTTP,50,25,2006,4,7
64,8,2006,4,PTTP,50,25,2007,2,1
64,8,2006,4,PTTP,50,25,2007,3,2
64,8,2006,4,PTTP,52,25,2006,4,1
64,8,2006,4,PTTP,52,25,2007,1,1
64,8,2006,4,PTTP,52,25,2007,2,1
64,8,2006,4,PTTP,52,25,2007,3,2
64,8,2006,4,PTTP,54,25,2006,4,1
64,8,2006,4,PTTP,54,25,2007,2,1
64,8,2006,4,PTTP,54,25,2007,3,2
64,8,2006,4,PTTP,60,25,2006,4,2
64,8,2006,4,PTTP,60,25,2007,3,1
64,8,2006,4,PTTP,62,25,2006,4,6
64,8,2006,4,PTTP,62,25,2007,2,3
64,8,2006,4,PTTP,62,25,2007,3,1
64,8,2006,4,PTTP,62,25,2009,4,1
64,8,2006,4,PTTP,64,25,2006,4,5
64,8,2006,4,PTTP,64,25,2007,1,2
64,8,2006,4,PTTP,64,25,2007,2,3
64,8,2006,4,PTTP,64,25,2007,3,4
64,8,2006,4,PTTP,66,25,2006,4,3
64,8,2006,4,PTTP,66,25,2009,3,1
64,8,2006,4,PTTP,68,25,2006,4,1
64,8,2006,4,PTTP,68,25,2007,2,3
64,8,2006,4,PTTP,72,25,2007,2,1
64,8,2006,4,PTTP,72,25,2007,3,1
65,8,2007,1,PTTP,38,25,2007,2,1
65,8,2007,1,PTTP,44,13,2007,2,1
65,8,2007,1,PTTP,44,25,2007,1,1
65,8,2007,1,PTTP,52,13,2007,2,1
65,8,2007,1,PTTP,68,4,2011,2,1
65,8,2007,1,PTTP,70,13,2011,4,1
66,8,2007,2,PTTP,42,25,2007,2,1
67,8,2007,4,PTTP,34,26,2007,4,1
67,8,2007,4,PTTP,36,13,2007,4,1
67,8,2007,4,PTTP,36,15,2008,3,1
67,8,2007,4,PTTP,36,25,2008,2,1
67,8,2007,4,PTTP,36,26,2007,4,2
67,8,2007,4,PTTP,38,13,2008,1,1
67,8,2007,4,PTTP,38,15,2008,3,1
67,8,2007,4,PTTP,38,26,2007,4,2
67,8,2007,4,PTTP,40,25,2007,4,1
67,8,2007,4,PTTP,40,26,2007,4,1
67,8,2007,4,PTTP,40,26,2008,1,1
67,8,2007,4,PTTP,44,26,2007,4,1
67,8,2007,4,PTTP,46,13,2007,4,1
68,8,2008,1,PTTP,30,25,2008,1,4
68,8,2008,1,PTTP,30,25,2008,4,1
68,8,2008,1,PTTP,32,25,2008,1,4
68,8,2008,1,PTTP,32,25,2008,2,1
68,8,2008,1,PTTP,32,25,2009,2,1
68,8,2008,1,PTTP,34,13,2008,1,2
68,8,2008,1,PTTP,34,13,2008,2,1
68,8,2008,1,PTTP,34,15,2008,3,1
68,8,2008,1,PTTP,34,25,2008,1,4
68,8,2008,1,PTTP,34,25,2008,3,1
68,8,2008,1,PTTP,34,25,2008,4,1
68,8,2008,1,PTTP,34,26,2008,1,3
68,8,2008,1,PTTP,36,13,2008,1,1
68,8,2008,1,PTTP,36,13,2008,4,1
68,8,2008,1,PTTP,36,25,2008,1,5
68,8,2008,1,PTTP,36,26,2008,2,1
68,8,2008,1,PTTP,38,13,2008,1,1
68,8,2008,1,PTTP,38,13,2008,3,1
68,8,2008,1,PTTP,38,13,2008,4,1
68,8,2008,1,PTTP,38,25,2008,1,4
68,8,2008,1,PTTP,38,25,2008,2,1
68,8,2008,1,PTTP,38,25,2009,4,1
68,8,2008,1,PTTP,38,26,2008,1,1
68,8,2008,1,PTTP,40,13,2008,2,1
68,8,2008,1,PTTP,40,13,2008,4,2
68,8,2008,1,PTTP,40,26,2008,1,1
68,8,2008,1,PTTP,40,26,2008,2,1
68,8,2008,1,PTTP,42,26,2008,1,1
68,8,2008,1,PTTP,44,25,2008,2,1
68,8,2008,1,PTTP,46,25,2008,1,1
68,8,2008,1,PTTP,48,25,2009,1,1
68,8,2008,1,PTTP,54,26,2008,1,1
69,8,2008,2,PTTP,32,25,2008,2,2
69,8,2008,2,PTTP,34,25,2008,2,1
69,8,2008,2,PTTP,36,25,2008,2,1
69,8,2008,2,PTTP,52,25,2008,2,1
70,8,2008,4,PTTP,32,13,2009,2,1
70,8,2008,4,PTTP,32,13,2009,4,1
70,8,2008,4,PTTP,32,25,2008,4,2
70,8,2008,4,PTTP,32,26,2008,4,1
70,8,2008,4,PTTP,34,13,2008,4,4
70,8,2008,4,PTTP,34,13,2009,3,1
70,8,2008,4,PTTP,34,25,2008,4,7
70,8,2008,4,PTTP,34,25,2009,1,1
70,8,2008,4,PTTP,34,26,2008,4,1
70,8,2008,4,PTTP,36,13,2008,4,1
70,8,2008,4,PTTP,36,13,2010,2,1
70,8,2008,4,PTTP,36,15,2009,2,1
70,8,2008,4,PTTP,36,25,2008,4,1
70,8,2008,4,PTTP,36,25,2009,2,1
70,8,2008,4,PTTP,36,26,2008,4,1
70,8,2008,4,PTTP,38,26,2008,4,1
70,8,2008,4,PTTP,40,23,2009,2,1
70,8,2008,4,PTTP,40,25,2008,4,1
70,8,2008,4,PTTP,40,26,2008,4,3
70,8,2008,4,PTTP,42,13,2009,1,1
70,8,2008,4,PTTP,42,15,2009,2,1
70,8,2008,4,PTTP,42,25,2008,4,5
70,8,2008,4,PTTP,42,25,2009,1,1
70,8,2008,4,PTTP,42,26,2008,4,4
70,8,2008,4,PTTP,44,13,2011,3,1
70,8,2008,4,PTTP,44,24,2009,2,1
70,8,2008,4,PTTP,44,25,2008,4,3
70,8,2008,4,PTTP,44,25,2009,1,1
70,8,2008,4,PTTP,44,26,2008,4,5
70,8,2008,4,PTTP,46,13,2008,4,1
70,8,2008,4,PTTP,46,13,2009,3,1
70,8,2008,4,PTTP,46,15,2009,2,1
70,8,2008,4,PTTP,46,25,2008,4,15
70,8,2008,4,PTTP,46,26,2008,4,5
70,8,2008,4,PTTP,46,26,2009,1,1
70,8,2008,4,PTTP,48,15,2009,2,1
70,8,2008,4,PTTP,48,24,2008,4,1
70,8,2008,4,PTTP,48,24,2009,3,1
70,8,2008,4,PTTP,48,25,2008,4,2
70,8,2008,4,PTTP,48,26,2008,4,9
70,8,2008,4,PTTP,48,26,2009,1,1
70,8,2008,4,PTTP,50,13,2009,1,1
70,8,2008,4,PTTP,50,13,2009,3,1
70,8,2008,4,PTTP,50,17,2008,4,1
70,8,2008,4,PTTP,50,24,2008,4,1
70,8,2008,4,PTTP,50,25,2008,4,2
70,8,2008,4,PTTP,50,25,2009,2,1
70,8,2008,4,PTTP,50,26,2008,4,5
70,8,2008,4,PTTP,52,13,2008,4,2
70,8,2008,4,PTTP,52,13,2009,1,1
70,8,2008,4,PTTP,52,25,2008,4,8
70,8,2008,4,PTTP,52,26,2008,4,3
70,8,2008,4,PTTP,54,25,2008,4,2
70,8,2008,4,PTTP,56,25,2008,4,1
70,8,2008,4,PTTP,58,25,2008,4,1
71,8,2009,3,PTTP,38,25,2009,3,1
71,8,2009,3,PTTP,40,13,2011,3,1
71,8,2009,3,PTTP,44,25,2009,3,2
71,8,2009,3,PTTP,48,26,2012,1,1
71,8,2009,3,PTTP,56,25,2009,3,1
72,8,2009,4,PTTP,42,26,2009,4,1
72,8,2009,4,PTTP,46,13,2009,4,3
72,8,2009,4,PTTP,46,13,2010,1,1
72,8,2009,4,PTTP,46,13,2010,2,1
72,8,2009,4,PTTP,46,15,2009,4,2
72,8,2009,4,PTTP,46,25,2009,4,1
72,8,2009,4,PTTP,46,26,2009,4,1
72,8,2009,4,PTTP,48,13,2009,4,2
72,8,2009,4,PTTP,48,15,2009,4,1
72,8,2009,4,PTTP,48,25,2009,4,3
72,8,2009,4,PTTP,48,25,2010,2,1
72,8,2009,4,PTTP,48,25,2010,4,1
72,8,2009,4,PTTP,48,26,2009,4,3
72,8,2009,4,PTTP,48,26,2010,2,1
72,8,2009,4,PTTP,50,25,2009,4,1
72,8,2009,4,PTTP,50,25,2010,4,2
72,8,2009,4,PTTP,50,26,2009,4,1
72,8,2009,4,PTTP,52,25,2009,4,1
72,8,2009,4,PTTP,52,26,2009,4,1
72,8,2009,4,PTTP,54,15,2009,4,1
72,8,2009,4,PTTP,54,25,2009,4,1
73,8,2011,2,PTTP,28,25,2011,2,1
73,8,2011,2,PTTP,32,25,2011,2,2
73,8,2011,2,PTTP,32,25,2011,3,1
73,8,2011,2,PTTP,34,25,2011,2,1
73,8,2011,2,PTTP,34,26,2011,2,1
73,8,2011,2,PTTP,36,13,2011,2,1
73,8,2011,2,PTTP,36,13,2012,1,1
73,8,2011,2,PTTP,36,25,2011,2,2
73,8,2011,2,PTTP,36,26,2011,2,1
73,8,2011,2,PTTP,38,15,2011,3,1
73,8,2011,2,PTTP,38,25,2011,2,8
73,8,2011,2,PTTP,40,25,2011,2,5
73,8,2011,2,PTTP,40,25,2011,3,1
73,8,2011,2,PTTP,42,13,2011,2,1
73,8,2011,2,PTTP,44,13,2012,1,1
73,8,2011,2,PTTP,44,25,2011,2,1
73,8,2011,2,PTTP,44,25,2012,3,1
73,8,2011,2,PTTP,44,25,2013,2,1
73,8,2011,2,PTTP,44,26,2011,3,1
73,8,2011,2,PTTP,46,25,2011,2,1
73,8,2011,2,PTTP,46,25,2011,3,1
73,8,2011,2,PTTP,46,25,2013,1,1
73,8,2011,2,PTTP,48,26,2011,3,1
73,8,2011,2,PTTP,52,13,2011,3,1
73,8,2011,2,PTTP,54,26,2011,4,1
73,8,2011,2,PTTP,56,26,2011,3,1
73,8,2011,2,PTTP,62,26,2011,2,1
74,8,2012,1,PTTP,30,13,2012,1,1
74,8,2012,1,PTTP,30,26,2012,1,1
74,8,2012,1,PTTP,30,26,2012,2,1
74,8,2012,1,PTTP,32,25,2012,1,2
74,8,2012,1,PTTP,32,26,2012,1,3
74,8,2012,1,PTTP,34,25,2012,1,1
74,8,2012,1,PTTP,34,26,2012,4,1
74,8,2012,1,PTTP,36,13,2012,1,1
74,8,2012,1,PTTP,36,13,2012,4,1
74,8,2012,1,PTTP,36,13,2014,2,1
74,8,2012,1,PTTP,36,25,2012,4,1
74,8,2012,1,PTTP,36,25,2013,2,1
74,8,2012,1,PTTP,36,26,2012,1,1
74,8,2012,1,PTTP,38,13,2013,1,1
74,8,2012,1,PTTP,38,14,2012,1,1
74,8,2012,1,PTTP,38,15,2012,1,1
74,8,2012,1,PTTP,38,26,2012,1,1
74,8,2012,1,PTTP,38,26,2012,2,1
74,8,2012,1,PTTP,38,26,2012,4,1
74,8,2012,1,PTTP,38,26,2013,1,2
74,8,2012,1,PTTP,40,14,2013,1,1
74,8,2012,1,PTTP,40,25,2012,1,2
74,8,2012,1,PTTP,40,25,2012,4,1
74,8,2012,1,PTTP,40,26,2012,1,1
74,8,2012,1,PTTP,40,26,2012,3,1
74,8,2012,1,PTTP,42,13,2012,4,1
74,8,2012,1,PTTP,42,14,2012,1,3
74,8,2012,1,PTTP,42,25,2012,1,1
74,8,2012,1,PTTP,44,14,2012,1,2
74,8,2012,1,PTTP,44,25,2012,1,2
74,8,2012,1,PTTP,46,13,2012,1,4
74,8,2012,1,PTTP,46,14,2012,1,9
74,8,2012,1,PTTP,46,25,2012,1,2
74,8,2012,1,PTTP,46,25,2012,2,1
74,8,2012,1,PTTP,46,25,2013,2,1
74,8,2012,1,PTTP,46,26,2012,1,1
74,8,2012,1,PTTP,48,13,2012,1,10
74,8,2012,1,PTTP,48,14,2012,1,12
74,8,2012,1,PTTP,48,15,2012,1,1
74,8,2012,1,PTTP,48,15,2012,2,1
74,8,2012,1,PTTP,48,25,2012,1,14
74,8,2012,1,PTTP,48,25,2012,2,2
74,8,2012,1,PTTP,48,25,2013,2,1
74,8,2012,1,PTTP,48,26,2012,1,2
74,8,2012,1,PTTP,48,26,2012,2,2
74,8,2012,1,PTTP,50,9,2014,2,1
74,8,2012,1,PTTP,50,13,2012,1,9
74,8,2012,1,PTTP,50,13,2012,3,1
74,8,2012,1,PTTP,50,13,2012,4,1
74,8,2012,1,PTTP,50,13,2013,1,1
74,8,2012,1,PTTP,50,13,2013,2,1
74,8,2012,1,PTTP,50,14,2012,1,43
74,8,2012,1,PTTP,50,25,2012,1,17
74,8,2012,1,PTTP,50,25,2012,2,2
74,8,2012,1,PTTP,50,25,2013,2,8
74,8,2012,1,PTTP,50,26,2012,1,3
74,8,2012,1,PTTP,52,13,2012,1,25
74,8,2012,1,PTTP,52,13,2012,3,2
74,8,2012,1,PTTP,52,13,2013,1,1
74,8,2012,1,PTTP,52,14,2012,1,41
74,8,2012,1,PTTP,52,15,2012,1,2
74,8,2012,1,PTTP,52,15,2013,1,1
74,8,2012,1,PTTP,52,16,2012,2,1
74,8,2012,1,PTTP,52,25,2012,1,19
74,8,2012,1,PTTP,52,25,2012,2,2
74,8,2012,1,PTTP,52,25,2012,4,4
74,8,2012,1,PTTP,52,25,2013,1,3
74,8,2012,1,PTTP,52,25,2013,2,5
74,8,2012,1,PTTP,52,25,2013,3,1
74,8,2012,1,PTTP,52,26,2012,1,4
74,8,2012,1,PTTP,52,26,2012,2,1
74,8,2012,1,PTTP,52,26,2012,3,1
74,8,2012,1,PTTP,54,13,2012,1,5
74,8,2012,1,PTTP,54,14,2012,1,22
74,8,2012,1,PTTP,54,15,2012,2,1
74,8,2012,1,PTTP,54,15,2012,4,1
74,8,2012,1,PTTP,54,25,2012,1,14
74,8,2012,1,PTTP,54,25,2013,2,4
74,8,2012,1,PTTP,54,26,2012,1,5
74,8,2012,1,PTTP,54,26,2012,2,1
74,8,2012,1,PTTP,54,26,2012,4,1
74,8,2012,1,PTTP,56,13,2012,1,7
74,8,2012,1,PTTP,56,13,2012,4,1
74,8,2012,1,PTTP,56,14,2012,1,4
74,8,2012,1,PTTP,56,15,2012,2,1
74,8,2012,1,PTTP,56,16,2012,2,1
74,8,2012,1,PTTP,56,25,2012,1,3
74,8,2012,1,PTTP,56,25,2012,2,1
74,8,2012,1,PTTP,56,25,2012,4,1
74,8,2012,1,PTTP,56,25,2013,2,1
74,8,2012,1,PTTP,56,26,2012,1,3
74,8,2012,1,PTTP,58,13,2012,1,3
74,8,2012,1,PTTP,58,13,2012,4,1
74,8,2012,1,PTTP,58,14,2012,1,4
74,8,2012,1,PTTP,58,25,2012,1,1
74,8,2012,1,PTTP,58,25,2013,2,1
74,8,2012,1,PTTP,58,26,2012,1,1
74,8,2012,1,PTTP,60,14,2012,1,1
74,8,2012,1,PTTP,60,15,2012,1,1
74,8,2012,1,PTTP,60,25,2012,1,2
74,8,2012,1,PTTP,60,26,2012,1,1
74,8,2012,1,PTTP,62,13,2012,1,1
74,8,2012,1,PTTP,64,13,2012,1,2
74,8,2012,1,PTTP,64,26,2012,2,1
75,8,2013,2,PTTP,32,13,2013,2,1
75,8,2013,2,PTTP,32,25,2013,2,1
75,8,2013,2,PTTP,34,13,2013,2,2
75,8,2013,2,PTTP,36,13,2013,2,1
75,8,2013,2,PTTP,38,15,2014,2,1
75,8,2013,2,PTTP,38,25,2013,2,2
75,8,2013,2,PTTP,38,25,2014,3,1
75,8,2013,2,PTTP,38,26,2013,2,3
75,8,2013,2,PTTP,38,26,2014,1,1
75,8,2013,2,PTTP,40,25,2013,2,3
75,8,2013,2,PTTP,40,25,2013,4,1
75,8,2013,2,PTTP,40,26,2013,2,1
75,8,2013,2,PTTP,40,26,2013,4,1
75,8,2013,2,PTTP,42,2,2017,2,1
75,8,2013,2,PTTP,42,25,2013,2,2
75,8,2013,2,PTTP,42,25,2013,3,1
75,8,2013,2,PTTP,44,13,2013,4,1
75,8,2013,2,PTTP,44,25,2013,2,2
75,8,2013,2,PTTP,44,26,2013,2,2
75,8,2013,2,PTTP,48,25,2013,2,1
75,8,2013,2,PTTP,48,26,2014,2,1
75,8,2013,2,PTTP,50,25,2013,2,1
77,1,2000,2,JPTP,32,20,2000,2,1
77,1,2000,2,JPTP,42,20,2000,2,3
77,1,2000,2,JPTP,42,20,2000,3,1
77,1,2000,2,JPTP,42,20,2000,4,1
77,1,2000,2,JPTP,44,1,2000,2,1
77,1,2000,2,JPTP,44,20,2000,2,6
77,1,2000,2,JPTP,44,20,2000,3,2
77,1,2000,2,JPTP,44,20,2000,4,2
77,1,2000,2,JPTP,46,1,2000,4,1
77,1,2000,2,JPTP,46,20,2000,2,17
77,1,2000,2,JPTP,46,20,2000,3,3
77,1,2000,2,JPTP,48,20,2000,2,8
77,1,2000,2,JPTP,50,20,2000,2,14
77,1,2000,2,JPTP,50,20,2000,3,2
77,1,2000,2,JPTP,52,20,2000,2,13
77,1,2000,2,JPTP,52,20,2000,3,1
77,1,2000,2,JPTP,52,20,2000,4,1
77,1,2000,2,JPTP,54,19,2001,2,1
77,1,2000,2,JPTP,54,20,2000,2,1
77,1,2000,2,JPTP,54,20,2001,2,1
77,1,2000,2,JPTP,56,20,2000,2,1
77,1,2000,2,JPTP,60,20,2000,2,1
77,1,2000,2,JPTP,66,20,2000,2,1
77,1,2000,2,JPTP,68,20,2000,2,1
78,1,2000,4,JPTP,52,20,2001,4,1
78,1,2000,4,JPTP,54,20,2000,4,2
78,1,2000,4,JPTP,56,20,2000,4,3
78,1,2000,4,JPTP,58,20,2000,4,2
78,1,2000,4,JPTP,62,20,2000,4,1
79,1,2001,2,JPTP,44,20,2001,2,1
79,1,2001,2,JPTP,46,20,2001,2,1
79,1,2001,2,JPTP,46,20,2001,4,1
79,1,2001,2,JPTP,48,20,2001,2,3
79,1,2001,2,JPTP,48,20,2002,1,1
79,1,2001,2,JPTP,50,20,2001,2,2
79,1,2001,2,JPTP,50,20,2002,1,1
79,1,2001,2,JPTP,52,1,2001,4,1
79,1,2001,2,JPTP,52,20,2001,2,1
79,1,2001,2,JPTP,54,20,2001,2,1
79,1,2001,2,JPTP,54,20,2001,4,1
79,1,2001,2,JPTP,56,20,2001,2,1
79,1,2001,2,JPTP,58,20,2001,2,1
79,1,2001,2,JPTP,70,20,2001,2,1
80,1,2001,3,JPTP,54,7,2005,2,1
80,1,2001,3,JPTP,54,20,2001,3,1
80,1,2001,3,JPTP,56,20,2001,3,1
80,1,2001,3,JPTP,58,20,2002,2,1
80,1,2001,3,JPTP,60,20,2001,3,4
80,1,2001,3,JPTP,62,20,2001,3,2
80,1,2001,3,JPTP,66,20,2002,1,1
81,1,2001,4,JPTP,30,20,2001,4,1
81,1,2001,4,JPTP,32,20,2002,1,1
81,1,2001,4,JPTP,62,20,2001,4,1
82,1,2002,2,JPTP,48,20,2002,3,1
82,1,2002,2,JPTP,50,19,2004,2,1
82,1,2002,2,JPTP,50,20,2004,2,1
82,1,2002,2,JPTP,52,19,2003,2,1
82,1,2002,2,JPTP,52,20,2002,2,3
82,1,2002,2,JPTP,54,20,2002,2,1
82,1,2002,2,JPTP,54,20,2002,3,1
82,1,2002,2,JPTP,54,20,2002,4,1
83,1,2003,1,JPTP,40,20,2003,1,1
83,1,2003,1,JPTP,48,20,2003,1,1
83,1,2003,1,JPTP,50,20,2003,1,2
83,1,2003,1,JPTP,52,20,2003,1,1
83,1,2003,1,JPTP,54,20,2003,1,2
83,1,2003,1,JPTP,54,20,2003,2,1
83,1,2003,1,JPTP,56,20,2003,1,3
83,1,2003,1,JPTP,58,20,2003,1,1
83,1,2003,1,JPTP,64,20,2003,1,1
83,1,2003,1,JPTP,70,20,2003,1,1
84,1,2003,2,JPTP,50,20,2003,2,2
84,1,2003,2,JPTP,52,1,2005,1,1
84,1,2003,2,JPTP,54,1,2004,1,1
84,1,2003,2,JPTP,54,20,2003,2,6
84,1,2003,2,JPTP,54,20,2004,4,1
84,1,2003,2,JPTP,56,20,2003,2,1
84,1,2003,2,JPTP,56,20,2003,3,1
84,1,2003,2,JPTP,58,20,2003,2,1
84,1,2003,2,JPTP,60,20,2003,2,1
84,1,2003,2,JPTP,98,1,2003,4,1
85,1,2003,4,JPTP,60,20,2003,4,1
85,1,2003,4,JPTP,62,20,2004,1,1
86,1,2004,1,JPTP,50,1,2004,1,1
86,1,2004,1,JPTP,50,20,2004,2,1
87,1,2004,2,JPTP,42,1,2007,1,1
87,1,2004,2,JPTP,48,1,2010,1,1
87,1,2004,2,JPTP,50,1,2008,4,1
87,1,2004,2,JPTP,50,20,2004,2,1
87,1,2004,2,JPTP,52,1,2006,3,1
87,1,2004,2,JPTP,52,20,2004,2,1
87,1,2004,2,JPTP,52,20,2005,2,1
87,1,2004,2,JPTP,56,20,2004,2,1
89,1,2004,4,JPTP,48,20,2005,2,1
89,1,2004,4,JPTP,56,20,2005,2,1
89,1,2004,4,JPTP,120,1,2009,2,1
90,1,2005,2,JPTP,50,20,2005,3,1
90,1,2005,2,JPTP,52,20,2005,4,1
90,1,2005,2,JPTP,54,20,2005,3,1
90,1,2005,2,JPTP,58,20,2006,2,1
90,1,2005,2,JPTP,60,20,2005,2,2
91,1,2005,3,JPTP,58,1,2006,4,1
92,1,2005,4,JPTP,34,20,2006,1,1
92,1,2005,4,JPTP,64,20,2005,4,1
92,1,2005,4,JPTP,66,20,2005,4,2
92,1,2005,4,JPTP,68,20,2005,4,1
92,1,2005,4,JPTP,72,20,2005,4,1
93,1,2006,2,JPTP,46,20,2007,2,1
93,1,2006,2,JPTP,52,1,2008,2,1
93,1,2006,2,JPTP,52,7,2010,1,1
93,1,2006,2,JPTP,52,19,2006,2,1
93,1,2006,2,JPTP,120,20,2007,2,1
94,1,2006,3,JPTP,54,20,2006,3,1
94,1,2006,3,JPTP,56,20,2006,3,1
94,1,2006,3,JPTP,60,20,2007,2,1
94,1,2006,3,JPTP,64,20,2007,2,1
96,1,2007,2,JPTP,30,19,2007,2,1
96,1,2007,2,JPTP,48,19,2007,2,1
96,1,2007,2,JPTP,50,19,2007,2,4
96,1,2007,2,JPTP,50,20,2007,3,1
96,1,2007,2,JPTP,52,19,2007,2,3
96,1,2007,2,JPTP,54,1,2010,1,1
96,1,2007,2,JPTP,54,19,2007,2,5
96,1,2007,2,JPTP,56,19,2007,2,7
96,1,2007,2,JPTP,58,19,2007,2,2
96,1,2007,2,JPTP,60,19,2007,2,1
96,1,2007,2,JPTP,70,19,2007,2,3
96,1,2007,2,JPTP,72,1,2008,2,1
96,1,2007,2,JPTP,72,19,2007,2,5
96,1,2007,2,JPTP,74,19,2007,2,3
96,1,2007,2,JPTP,76,19,2007,2,1
96,1,2007,2,JPTP,78,19,2007,2,1
96,1,2007,2,JPTP,80,19,2007,2,1
96,1,2007,2,JPTP,104,19,2007,2,1
97,1,2007,3,JPTP,52,20,2007,3,1
97,1,2007,3,JPTP,54,1,2007,4,1
97,1,2007,3,JPTP,54,20,2007,3,3
97,1,2007,3,JPTP,56,20,2007,3,3
97,1,2007,3,JPTP,58,20,2007,3,2
97,1,2007,3,JPTP,60,20,2007,3,1
97,1,2007,3,JPTP,72,20,2007,3,1
98,1,2008,2,JPTP,46,20,2008,2,1
98,1,2008,2,JPTP,48,1,2009,3,1
98,1,2008,2,JPTP,48,20,2008,3,2
98,1,2008,2,JPTP,48,20,2009,3,1
98,1,2008,2,JPTP,54,20,2010,2,1
98,1,2008,2,JPTP,58,1,2011,1,1
99,1,2008,3,JPTP,34,20,2009,1,1
99,1,2008,3,JPTP,48,1,2009,4,1
99,1,2008,3,JPTP,50,19,2008,3,1
99,1,2008,3,JPTP,52,19,2008,3,1
99,1,2008,3,JPTP,54,1,2009,4,2
99,1,2008,3,JPTP,54,7,2009,3,1
99,1,2008,3,JPTP,54,19,2008,3,2
99,1,2008,3,JPTP,54,19,2009,2,1
99,1,2008,3,JPTP,54,20,2008,3,1
99,1,2008,3,JPTP,54,20,2009,2,1
99,1,2008,3,JPTP,56,1,2009,4,1
99,1,2008,3,JPTP,56,1,2010,1,1
99,1,2008,3,JPTP,56,1,2010,4,1
99,1,2008,3,JPTP,56,1,2014,4,1
99,1,2008,3,JPTP,56,7,2009,4,1
99,1,2008,3,JPTP,56,19,2008,3,9
99,1,2008,3,JPTP,56,20,2008,3,4
99,1,2008,3,JPTP,56,20,2008,4,1
99,1,2008,3,JPTP,58,1,2009,4,2
99,1,2008,3,JPTP,58,19,2008,3,3
99,1,2008,3,JPTP,58,20,2008,3,1
99,1,2008,3,JPTP,58,20,2009,2,1
99,1,2008,3,JPTP,58,20,2010,2,1
99,1,2008,3,JPTP,60,1,2008,4,1
99,1,2008,3,JPTP,60,1,2009,4,1
99,1,2008,3,JPTP,60,1,2010,3,1
99,1,2008,3,JPTP,60,1,2015,2,1
99,1,2008,3,JPTP,60,19,2008,3,3
99,1,2008,3,JPTP,60,20,2008,3,1
99,1,2008,3,JPTP,60,20,2009,3,1
99,1,2008,3,JPTP,62,1,2009,1,1
99,1,2008,3,JPTP,62,1,2010,4,1
99,1,2008,3,JPTP,62,1,2011,1,1
99,1,2008,3,JPTP,62,19,2008,3,3
99,1,2008,3,JPTP,62,20,2008,3,1
99,1,2008,3,JPTP,64,1,2009,2,1
99,1,2008,3,JPTP,64,1,2009,3,3
99,1,2008,3,JPTP,64,19,2008,3,2
99,1,2008,3,JPTP,66,19,2008,3,3
99,1,2008,3,JPTP,66,20,2009,2,1
99,1,2008,3,JPTP,68,5,2010,1,1
99,1,2008,3,JPTP,68,20,2008,3,1
99,1,2008,3,JPTP,76,1,2010,4,1
99,1,2008,3,JPTP,78,1,2009,1,1
99,1,2008,3,JPTP,78,19,2008,3,1
99,1,2008,3,JPTP,80,1,2009,4,1
99,1,2008,3,JPTP,82,1,2008,4,1
99,1,2008,3,JPTP,82,20,2008,4,1
101,1,2009,2,JPTP,48,20,2009,2,1
101,1,2009,2,JPTP,50,2,2013,1,1
101,1,2009,2,JPTP,52,1,2010,4,1
101,1,2009,2,JPTP,54,1,2010,2,1
101,1,2009,2,JPTP,58,1,2011,4,1
101,1,2009,2,JPTP,62,2,2011,1,1
102,1,2009,3,JPTP,48,20,2009,3,2
102,1,2009,3,JPTP,50,20,2009,3,5
102,1,2009,3,JPTP,52,1,2010,4,1
102,1,2009,3,JPTP,52,2,2011,4,1
102,1,2009,3,JPTP,52,19,2009,3,1
102,1,2009,3,JPTP,52,20,2009,3,2
102,1,2009,3,JPTP,52,20,2010,1,1
102,1,2009,3,JPTP,52,20,2010,2,1
102,1,2009,3,JPTP,52,20,2010,3,1
102,1,2009,3,JPTP,54,1,2011,4,1
102,1,2009,3,JPTP,54,2,2011,2,1
102,1,2009,3,JPTP,54,20,2009,3,7
102,1,2009,3,JPTP,54,20,2010,1,1
102,1,2009,3,JPTP,54,20,2011,2,1
102,1,2009,3,JPTP,56,1,2010,2,1
102,1,2009,3,JPTP,56,1,2013,4,1
102,1,2009,3,JPTP,56,19,2009,3,2
102,1,2009,3,JPTP,56,20,2009,3,3
102,1,2009,3,JPTP,56,20,2010,2,1
102,1,2009,3,JPTP,58,20,2010,2,1
102,1,2009,3,JPTP,60,1,2011,1,1
102,1,2009,3,JPTP,64,19,2010,2,1
103,1,2009,4,JPTP,38,20,2010,2,1
104,1,2010,2,JPTP,54,19,2011,2,1
104,1,2010,2,JPTP,56,19,2011,2,1
104,1,2010,2,JPTP,62,20,2011,3,1
104,1,2010,2,JPTP,68,1,2011,2,1
104,1,2010,2,JPTP,72,1,2010,4,1
105,1,2010,3,JPTP,50,19,2010,3,1
105,1,2010,3,JPTP,52,20,2011,3,1
105,1,2010,3,JPTP,54,1,2011,4,1
105,1,2010,3,JPTP,54,1,2013,1,1
105,1,2010,3,JPTP,54,19,2010,3,1
105,1,2010,3,JPTP,54,20,2010,3,1
105,1,2010,3,JPTP,54,20,2011,2,3
105,1,2010,3,JPTP,56,1,2011,1,1
105,1,2010,3,JPTP,56,19,2011,2,1
105,1,2010,3,JPTP,56,19,2011,3,1
105,1,2010,3,JPTP,56,20,2011,3,1
105,1,2010,3,JPTP,56,20,2012,1,1
105,1,2010,3,JPTP,56,20,2012,3,1
105,1,2010,3,JPTP,58,19,2012,2,1
105,1,2010,3,JPTP,58,20,2011,3,1
105,1,2010,3,JPTP,62,1,2012,1,1
105,1,2010,3,JPTP,66,1,2011,1,1
105,1,2010,3,JPTP,72,19,2010,3,1
105,1,2010,3,JPTP,76,1,2012,4,1
105,1,2010,3,JPTP,76,19,2011,2,1
105,1,2010,3,JPTP,76,19,2011,3,1
105,1,2010,3,JPTP,76,20,2011,2,1
107,1,2012,1,JPTP,42,20,2012,1,1
107,1,2012,1,JPTP,44,20,2012,1,1
107,1,2012,1,JPTP,46,20,2012,4,1
107,1,2012,1,JPTP,48,20,2012,2,2
108,1,2012,2,JPTP,46,20,2012,2,1
108,1,2012,2,JPTP,46,20,2012,3,1
108,1,2012,2,JPTP,46,20,2013,2,1
108,1,2012,2,JPTP,48,20,2013,2,2
108,1,2012,2,JPTP,50,19,2012,3,1
109,1,2014,1,JPTP,46,20,2014,4,1
109,1,2014,1,JPTP,48,20,2014,1,1
110,1,2014,2,JPTP,48,20,2014,3,1
110,1,2014,2,JPTP,54,20,2014,2,1
111,1,2016,2,JPTP,44,20,2016,3,1
111,1,2016,2,JPTP,54,19,2016,3,1
112,1,2017,1,JPTP,52,20,2017,3,1
115,2,2008,4,JPTP,136,2,2009,4,1
118,4,2005,3,JPTP,34,15,2005,3,1
118,4,2005,3,JPTP,36,15,2005,3,1
118,4,2005,3,JPTP,38,15,2005,3,6
118,4,2005,3,JPTP,40,15,2005,3,2
118,4,2005,3,JPTP,42,15,2005,3,1
118,4,2005,3,JPTP,44,15,2005,3,1
118,4,2005,3,JPTP,54,15,2005,3,3
118,4,2005,3,JPTP,58,15,2005,3,1
118,4,2005,3,JPTP,60,15,2005,3,1
118,4,2005,3,JPTP,80,15,2005,3,1
