year,season,fishery,area,obs,pred
1952,1,33,1,5.05309031656387,4.98782528430484
1953,1,33,1,4.0349745726322,4.84525560305654
1954,1,33,1,4.17035014536897,4.73982398001722
1955,1,33,1,5.43033051273247,4.64596917692043
1956,1,33,1,6.54041095074285,5.34948342408358
1957,1,33,1,7.05685863545999,5.96554250831366
1958,1,33,1,6.03152571823029,5.39784608040629
1959,1,33,1,5.66326170952049,4.28448346560212
1960,1,33,1,4.25034433646899,3.94322927281256
1961,1,33,1,5.2593108444469,4.07552674126753
1962,1,33,1,3.04956817918268,3.20592288320281
1963,1,33,1,3.46946360042621,3.33675907806742
1964,1,33,1,4.18287998116139,3.04347513789662
1965,1,33,1,2.94173634336358,2.72372383230581
1966,1,33,1,3.94717447435738,2.60673896125156
1967,1,33,1,2.75936339737628,2.24072617814124
1968,1,33,1,2.1621433038019,2.1140382902816
1969,1,33,1,3.19312480489073,2.39408233793285
1970,1,33,1,2.3513743805749,1.96246237791206
1971,1,33,1,1.9299613947567,1.95795390117859
1972,1,33,1,2.30297093439224,2.09782270556601
1973,1,33,1,2.28919447947996,1.72099050487439
1974,1,33,1,2.10349448032135,2.12931429359126
1975,1,33,1,2.43026425900138,2.20736611146807
1976,1,33,1,2.12421006680881,1.85206271677508
1977,1,33,1,3.47988761943799,2.62820209933498
1978,1,33,1,2.86910461425648,2.67834750035774
1979,1,33,1,1.98694841105677,2.2317811753609
1980,1,33,1,2.04705054785187,2.15652903292686
1981,1,33,1,1.84743834285907,1.87685968522146
1982,1,33,1,1.84153598896482,1.84300980720469
1983,1,33,1,1.60415959079006,1.82686247337413
1984,1,33,1,1.67481045888591,2.03399125864675
1985,1,33,1,1.82521903680549,1.80236555622017
1986,1,33,1,2.08861256283455,1.61866219091532
1987,1,33,1,2.38500208844929,2.02729015040307
1988,1,33,1,2.1950394082267,1.98953312369034
1989,1,33,1,1.8135749358382,1.70029199826879
1990,1,33,1,2.3020499302316,2.15071425801656
1991,1,33,1,2.36221561845596,2.14277131876109
1992,1,33,1,2.44733578946231,1.96403297596985
1993,1,33,1,2.26664326682249,1.69876242388207
1994,1,33,1,2.0323647163435,1.68961383022704
1995,1,33,1,1.86488613945218,1.71823912176005
1996,1,33,1,1.30957152034053,1.34285776027528
1997,1,33,1,1.79768549249328,1.44267640055029
1998,1,33,1,1.66462521167344,1.41326128262287
1999,1,33,1,1.49107897173946,1.39319545885847
2000,1,33,1,1.38085103345108,1.31009545372836
2001,1,33,1,1.27762131320489,1.25345031397933
2002,1,33,1,1.60143483618335,1.52165719374471
2003,1,33,1,1.57302418651418,1.49990234101698
2004,1,33,1,1.09944993979121,1.5717662703985
2005,1,33,1,1.13666666368028,1.45863344379433
2006,1,33,1,1.99551068492008,1.77287052769331
2007,1,33,1,1.53127389486662,1.60785340410584
2008,1,33,1,1.30330063919773,1.32009011076587
2009,1,33,1,1.23948999418518,1.31350613387089
2010,1,33,1,1.25533190028723,1.26579451484598
2011,1,33,1,1.21421769865521,1.33629385195858
2012,1,33,1,1.44166688044317,1.26769463134935
2013,1,33,1,1.15546169496375,1.03274468414504
2014,1,33,1,1.55410528404312,1.3786434383446
2015,1,33,1,2.01980303654876,1.57050936021329
2016,1,33,1,1.36397059326638,1.31153735162591
2017,1,33,1,1.20852426552006,1.13951188538473
2018,1,33,1,1.66662396093716,1.3918029597652
2019,1,33,1,1.66562428649292,1.63117399842559
2020,1,33,1,1.43605532924691,1.36056492564153
2021,1,33,1,1.55893048562192,1.23627150604796
1954,2,33,1,3.25763020482219,3.60384020309779
1955,2,33,1,3.28379576916863,3.69876877219411
1956,2,33,1,2.70770117501325,4.22914565565259
1957,2,33,1,3.39736455442078,4.55397282344148
1958,2,33,1,3.92356233476639,3.99482590481663
1959,2,33,1,2.5795113970234,3.13302815962437
1960,2,33,1,2.65143234095998,3.17085098059291
1961,2,33,1,3.18674493727518,2.9535268540377
1962,2,33,1,1.73169379190824,2.50803605835036
1963,2,33,1,2.8462433443487,2.54950698178198
1952,4,33,1,6.03152571823029,4.94313625901043
1953,4,33,1,4.54942112684564,4.82591329105806
1954,4,33,1,5.89438380434013,4.60894969885433
1955,4,33,1,6.74633908515192,5.2698399917734
1956,4,33,1,8.31449186388466,6.01345825581981
1957,4,33,1,7.95658589352187,5.66892780380498
1958,4,33,1,5.4466459652128,4.59514356930669
1959,4,33,1,4.38416856959395,3.88063965661658
1960,4,33,1,4.82591329105806,4.27592306192805
1961,4,33,1,4.30595952834521,3.35683981450295
1962,4,33,1,2.99516703111309,3.37029406432161
1963,4,33,1,3.31348332470031,3.12052107782557
1964,4,33,1,3.42122953628967,2.83204764644607
1965,4,33,1,4.15785784275601,2.65328899335118
1952,3,33,1,4.66925719433188,4.57679970721213
1953,3,33,1,3.96695976874579,4.45933655284783
1954,3,33,1,3.89619330179521,4.28448346560212
1955,3,33,1,4.12472767736953,4.66925719433188
1956,3,33,1,5.05309031656387,5.37629782133381
1957,3,33,1,5.41406393326341,5.37629782133381
1958,3,33,1,4.65992801223504,4.48617300100007
1959,3,33,1,3.54663760098212,3.6002381642143
1960,3,33,1,3.66196540798739,3.93535069547047
1961,3,33,1,2.84339852365177,3.3002558639596
1962,3,33,1,2.72100146988158,3.05873062051039
1963,3,33,1,2.94762570344727,2.94762570344727
1964,3,33,1,1.85169234127051,2.69150360925312
1965,3,33,1,1.6601367857037,2.46009508097452
1952,2,33,1,2.83488111058847,3.82668923555868
1953,2,33,1,3.50433228930293,3.70988173962711
1994,2,33,1,1.24172308535383,1.38985579895214
1995,2,33,1,1.14339281964465,1.26566794172325
1996,2,33,1,0.769126364368571,1.06776747842102
1997,2,33,1,0.74923694277321,1.10893489433078
1998,2,33,1,0.851547497040458,1.12885065992382
1999,2,33,1,1.20021415095358,1.04867766097921
2000,2,33,1,1.02294937608283,1.03089772468229
2001,2,33,1,0.95246682688985,1.00589128576696
2002,2,33,1,0.975875755856157,1.23800349826809
2003,2,33,1,1.37204180643226,1.11349086074654
1964,2,33,1,3.03435839443568,2.3233265117943
1965,2,33,1,1.97210204145215,2.0709345938546
1966,2,33,1,1.95658381303456,1.98714711583294
1967,2,33,1,2.22754481694265,1.64000616340037
1968,2,33,1,1.43519395448763,1.73100125290851
1969,2,33,1,2.01274608279388,1.8009242403784
1970,2,33,1,1.28069128685137,1.46932042796718
1971,2,33,1,1.48408734376843,1.57522796265865
1972,2,33,1,1.65433646343886,1.55971014576352
1973,2,33,1,1.4244702639358,1.38707886521362
1974,2,33,1,1.41949333272226,1.73654932910538
1975,2,33,1,1.67698912831076,1.69012079041634
1976,2,33,1,1.6350935175634,1.44860351607648
1977,2,33,1,2.64137601718062,2.23535488344556
1978,2,33,1,2.53577674907312,1.96305120494507
1979,2,33,1,1.78318305417128,1.75663491716199
1980,2,33,1,2.0450045204882,1.63345924132015
1981,2,33,1,1.37795428892714,1.46360123796768
1982,2,33,1,1.41467525077174,1.43576814690025
1983,2,33,1,1.13996778131199,1.45717553942421
1984,2,33,1,1.74769888533446,1.58565885128055
1985,2,33,1,1.34245496336975,1.35404986265853
1986,2,33,1,1.61300677599646,1.30225841563138
1987,2,33,1,1.91745732793266,1.66662396093716
1988,2,33,1,1.32644177509675,1.47949379667941
1989,2,33,1,1.34111317941018,1.4022807244666
1990,2,33,1,1.62498729940437,1.75189840006117
1991,2,33,1,2.04541356229512,1.64674399177991
1992,2,33,1,1.75102266981194,1.51679567330593
1993,2,33,1,1.4012994714381,1.2837686372832
1966,3,33,1,2.71719473316122,2.3085047025003
1967,3,33,1,1.93054047003207,1.9295754410744
1968,3,33,1,1.56768498606422,2.16885634788599
1969,3,33,1,2.19855428242938,2.05114874577944
1970,3,33,1,1.58676920105352,1.77979822297626
1971,3,33,1,1.28120366583507,1.95326044621458
1972,3,33,1,1.8529889796799,1.71858280395147
1973,3,33,1,1.42091353603829,1.73481364776159
1974,3,33,1,1.73464017507059,2.05053349344817
1975,3,33,1,1.73359970313834,1.89212398563094
2004,2,33,1,1.04972686315385,1.2708678327768
2005,2,33,1,0.894401946736435,1.0948419336308
2006,2,33,1,1.79894431287376,1.47432461972756
2007,2,33,1,1.01148545713619,1.18033701071282
2008,2,33,1,0.973497521637536,1.02118120357243
2009,2,33,1,0.752315120190273,1.05455618426897
2010,2,33,1,0.884086827512403,0.981552281250582
2011,2,33,1,0.945785008027721,1.08778117251322
2012,2,33,1,0.725205656655626,0.941453802561604
2013,2,33,1,0.603384886381262,0.823246178256523
2014,2,33,1,0.982131567969298,1.17445005531224
2015,2,33,1,1.04761903123964,1.2075578327323
2016,2,33,1,0.608048883350721,0.968245120600924
2017,2,33,1,0.75163834117834,0.925454787623815
2018,2,33,1,0.781609518580945,1.17515493678873
2019,2,33,1,0.712339966848073,1.25457892706162
2020,2,33,1,0.71820516904057,1.04267549390444
2021,2,33,1,0.800114849294554,0.943829257960772
1968,4,33,1,2.9653646212045,2.41379452260725
1969,4,33,1,2.46132543607815,2.09677405639736
1970,4,33,1,2.37714455362058,1.94293555099083
1971,4,33,1,2.99816369622704,2.14105778721009
1972,4,33,1,2.78152684012137,1.74909760385554
1973,4,33,1,2.12697333563124,2.00832290868727
1974,4,33,1,2.45100954777641,2.22465089014061
1975,4,33,1,2.36836537027696,1.94760419644681
1976,4,33,1,3.19631952679034,2.31729370890587
1977,4,33,1,3.50082970859587,2.81792274988211
1978,4,33,1,2.28576326181734,2.24162264789449
1979,4,33,1,2.30320124300092,2.20869092854033
2006,3,33,1,1.78693167325747,1.68320548124662
2007,3,33,1,1.26769463134935,1.29874706037193
2008,3,33,1,1.06832286189699,1.18293661064781
2009,3,33,1,1.0035191778166,1.23232176019242
2010,3,33,1,0.980247684465689,1.14304985324629
2011,3,33,1,1.0059657244763,1.26503526593452
2012,3,33,1,0.950820483776735,1.04171667357503
2013,3,33,1,0.726076425800608,1.03256913247105
2014,3,33,1,1.35283176600785,1.42518267715623
2015,3,33,1,0.917117206257156,1.35513353596018
1976,3,33,1,2.11742345895882,1.87273513258544
1977,3,33,1,2.43927289245423,2.66445624192942
1978,3,33,1,1.98694841105677,2.15609777024798
1979,3,33,1,1.98953312369034,2.06473109996649
1980,3,33,1,1.89363829046061,1.83914354760299
1981,3,33,1,2.45468882086303,1.71274954457834
1982,3,33,1,1.75979970746966,1.68893811984604
1983,3,33,1,1.66912577276835,1.78193526281129
1984,3,33,1,1.8356524924152,1.81593411638989
1985,3,33,1,1.44947293898692,1.56423987011196
1986,3,33,1,1.97170766048327,1.62677576891161
1987,3,33,1,1.58391558551609,1.96914610589588
1988,3,33,1,1.2198159662128,1.64394690519112
1989,3,33,1,1.8266797962608,1.7485729532759
1990,3,33,1,2.23938214568441,2.04459556048147
1991,3,33,1,1.44094622718127,1.86339482714507
1966,4,33,1,2.74834798929016,2.3988752939671
1967,4,33,1,2.51381118012874,2.08131519670475
1994,3,33,1,1.47579968175538,1.64905104793089
1995,3,33,1,1.16520845227127,1.36478922118616
1996,3,33,1,1.20081440808083,1.2991367429395
1997,3,33,1,1.42162417045011,1.30369168804388
1998,3,33,1,1.19997413212607,1.3611092604715
1999,3,33,1,1.14958384158579,1.22238027131983
2000,3,33,1,0.995413550032143,1.20117470644531
2001,3,33,1,1.02499732209837,1.24458233532716
2002,3,33,1,1.39417103709222,1.48438419092091
2003,3,33,1,0.994255562739256,1.31534633029524
2004,3,33,1,1.73707037205665,1.49421352771194
2005,3,33,1,1.35825393017066,1.34004071790845
2018,4,33,1,2.07528812611064,1.61203926221402
2019,4,33,1,1.75049744179914,1.4145337903198
1980,4,33,1,1.71446315078322,1.91458329800209
1981,4,33,1,1.87986506437999,1.85002656787384
1982,4,33,1,2.10475695571429,1.82631449683271
1983,4,33,1,2.23446092029673,1.99311750829134
1984,4,33,1,2.35891083048149,1.88457060651781
1985,4,33,1,1.91056689177885,1.64559167434382
1986,4,33,1,2.86051019848318,1.88136955814876
1987,4,33,1,2.13165782802184,2.08214788931085
2016,3,33,1,0.800675125762946,1.07787337209702
2017,3,33,1,1.00134390222835,1.13484945117607
2018,3,33,1,1.16859246122422,1.43864255664566
2019,3,33,1,1.29382118663009,1.38527683426274
2020,3,33,1,1.06634829164313,1.19937429503178
2021,3,33,1,0.919109511464086,1.08244243321244
1994,4,33,1,2.08131519670475,1.77198431400135
1995,4,33,1,1.56674465719945,1.37850558089375
1996,4,33,1,2.09572593142224,1.43993791777171
1997,4,33,1,2.02141952548736,1.39808018625092
1998,4,33,1,1.79660720471647,1.45164877986809
1999,4,33,1,1.91592397549307,1.30682430573276
2000,4,33,1,1.46213836828646,1.26845547635884
2001,4,33,1,1.90942089547705,1.42917878058628
2002,4,33,1,2.07362855952489,1.57255235003723
2003,4,33,1,1.56580489236278,1.48468109744876
1992,3,33,1,1.4570298291559,1.72409107746134
1993,3,33,1,1.27226655654989,1.48067786528104
2006,4,33,1,2.25105726183605,1.72340157893925
2007,4,33,1,1.55674950998122,1.34729651079438
2008,4,33,1,1.80326696433153,1.28043517420611
2009,4,33,1,2.02040906835995,1.30225841563138
2010,4,33,1,1.64855640681639,1.26845547635884
2011,4,33,1,1.541259593546,1.32591130448791
2012,4,33,1,1.07913522198061,1.06549555415029
2013,4,33,1,1.38916104475569,1.23145943680868
2014,4,33,1,2.16127861942878,1.56330160769676
2015,4,33,1,1.51119389898787,1.39124634991069
2016,4,33,1,1.95267455596865,1.12975410178032
2017,4,33,1,1.72150687947817,1.29330376164733
1991,4,33,1,2.54136159900345,1.97644544193203
1992,4,33,1,2.39001585544782,1.78550269958454
2020,4,33,1,1.5920141888871,1.27099492591463
2021,4,33,1,1.60399918285151,1.16357830180968
1990,4,33,1,3.10806392443059,2.17950982369053
2004,4,33,1,2.1140382902816,1.55799540788192
1988,4,33,1,2.0525850525502,1.70301464300097
1989,4,33,1,2.76765391713015,2.01859151821867
2005,4,33,1,1.98615379062702,1.59408515316778
1993,4,33,1,1.81230587760531,1.61316808473936
1956,1,34,2,13.4234073471764,14.7316759204426
1957,1,34,2,16.444646771097,14.7316759204426
1960,1,34,2,12.692356983754,9.43097985953866
1961,1,34,2,11.623163959128,9.41213674921095
1958,1,34,2,14.2249860593305,11.336187018468
1959,1,34,2,14.1257588572997,9.1431046039947
1967,1,34,2,7.84596981031845,5.46301043754358
1968,1,34,2,5.51791460522345,5.08349999627339
1969,1,34,2,7.63696291553403,5.3334590224321
1970,1,34,2,6.19040182639043,5.26457278582354
1971,1,34,2,4.60894969885433,5.05309031656387
1972,1,34,2,4.88417311035035,4.3362069876408
1973,1,34,2,5.85326719373954,3.50433228930293
1974,1,34,2,3.84971838934598,3.6002381642143
1975,1,34,2,3.91572305199272,3.61105509599192
1976,1,34,2,4.69266194341637,3.36692545484274
1952,1,34,2,10.114803056599,12.0975142788651
1953,1,34,2,10.7725367288167,12.1096178439178
1952,2,34,2,11.1228327490456,12.7687400456933
1953,2,34,2,7.53832493366192,12.75597768789
1954,2,34,2,8.14170811387433,12.7943030802983
1955,2,34,2,9.83551682472252,13.5177008408029
1956,2,34,2,8.37289748812726,15.8790399906138
1957,2,34,2,10.4541601534675,14.8055187532877
1958,2,34,2,13.3831974701079,11.2233900729837
1959,2,34,2,9.61188160132218,9.44986069379839
1960,2,34,2,9.62149829046669,10.2676687287686
1961,2,34,2,9.22576395455833,9.34648185219663
1962,2,34,2,8.24824128462666,7.65990820500588
1963,2,34,2,5.81825273898467,6.88951024158129
1964,2,34,2,4.95798793416143,6.60614317359694
1965,2,34,2,4.1454029608917,6.71940762763495
1954,1,34,2,9.68908505620096,12.1824939607035
1955,1,34,2,13.1576060729585,12.3049300605104
1968,2,34,2,3.50783837434258,5.45755015770098
1969,2,34,2,3.46599587097949,5.65194650507763
1970,2,34,2,2.95648185814754,5.4739473917272
1971,2,34,2,3.064854203293,5.20697982717985
1972,2,34,2,3.19951744500975,4.3362069876408
1973,2,34,2,4.18287998116139,3.68032108598133
1974,2,34,2,3.00717169255421,3.89229905594087
1962,1,34,2,8.59344754943544,7.48574091789935
1963,1,34,2,7.85381970442166,6.7059822422402
1964,1,34,2,7.24274298516101,6.17185844988355
1965,1,34,2,7.25724296627913,6.3980931457862
1966,1,34,2,8.29787949806017,6.03756026071688
1952,3,34,2,14.2962890986776,12.1460012452641
1953,3,34,2,8.89954364873116,12.1581533215348
1954,3,34,2,9.7766804095289,12.0492208729526
1955,3,34,2,9.96421325778918,13.5312253027476
1956,3,34,2,9.97418245481472,15.3022518912078
1957,3,34,2,9.33714004202801,13.2500324303126
1958,3,34,2,10.4228446697193,10.054295941127
1959,3,34,2,7.98049149167047,8.98898554937376
1960,3,34,2,7.65225212547864,9.92443601228535
1961,3,34,2,8.19890000877021,8.33113748768769
1962,3,34,2,5.97151103458773,7.12778124383572
1963,3,34,2,5.17065824224986,6.36618252309443
1964,3,34,2,3.23814294383796,6.35346288192929
1965,3,34,2,4.46826415057538,6.3154562385876
1966,3,34,2,6.43016372113984,5.80662786225839
1967,3,34,2,4.69735695247307,5.16032726019108
1968,3,34,2,3.36692545484274,5.28567324976076
1969,3,34,2,4.5905507225435,5.37092421076557
1970,3,34,2,2.73737655483049,5.18100990694851
1971,3,34,2,3.90009144384319,4.80184394810459
1972,3,34,2,4.97785960273969,3.8612848855835
1973,3,34,2,2.53450917761785,3.51837769053541
1974,3,34,2,2.82356423498648,3.68032108598133
1975,3,34,2,3.18993327611618,3.56085256235552
1976,3,34,2,3.41781001679809,3.68032108598133
1977,3,34,2,4.95798793416143,4.93325986617737
1966,2,34,2,4.10415551225413,6.24636690793109
1967,2,34,2,4.68797162702201,5.55667551236142
1980,3,34,2,3.43150863583854,3.73220794169251
1981,3,34,2,2.89214950783889,3.45907080661025
1982,3,34,2,4.62279730898038,3.75842505011071
1983,3,34,2,2.87484856552161,3.88063965661658
1984,3,34,2,3.44526215909037,3.92748785953641
1985,3,34,2,3.45561346476268,3.84587059517437
1986,3,34,2,3.58228190145899,3.61466795721745
1987,3,34,2,3.2478719588953,3.84202664687367
1975,2,34,2,3.13302815962437,3.83818654059994
1976,2,34,2,4.65992801223504,3.64005939928356
1977,2,34,2,4.23761241089689,5.07334315650623
1978,2,34,2,3.71359347692608,4.86467543924804
1979,2,34,2,3.47988761943799,4.53579331540313
1980,2,34,2,3.79619784983765,4.12060501136872
1981,2,34,2,2.74560101501692,3.61466795721745
1982,2,34,2,3.05261927265434,3.90789943211649
1983,2,34,2,3.61105509599192,4.04305259710927
1984,2,34,2,2.90664646757544,4.1454029608917
1985,2,34,2,2.74285678634492,4.10826172052834
1986,2,34,2,3.57512449744588,3.82668923555868
1987,2,34,2,3.23167312992081,4.01886691114153
1988,2,34,2,3.01922446880657,3.72847759923291
1989,2,34,2,2.62032930812838,3.4418186189883
1977,1,34,2,4.28877009202371,4.41496541277858
1978,1,34,2,5.65194650507763,4.71147018259074
1979,1,34,2,4.41938258641007,4.28448346560212
1980,1,34,2,3.87288613341106,4.02691268805881
1981,1,34,2,3.22844307208897,3.42465247701108
1982,1,34,2,3.5537379741905,3.60384020309779
1983,1,34,2,4.10826172052834,3.78861304147461
1984,1,34,2,3.13616275482037,3.90789943211649
1985,1,34,2,3.12676836518616,3.90789943211649
1986,1,34,2,3.9118092861498,3.67664260444266
1987,1,34,2,3.7061737122102,3.69507185218999
1988,1,34,2,3.61105509599192,3.65830527295193
1989,1,34,2,3.31348332470031,3.18674493727518
1990,1,34,2,4.23761241089689,3.5537379741905
1991,1,34,2,4.11237203706461,3.38718773362133
1978,3,34,2,4.05114679380212,4.45487944522022
1979,3,34,2,3.90009144384319,4.26737976195194
1952,4,34,2,11.9412644178491,11.9771420005685
1953,4,34,2,8.84630625872088,12.0131273776468
1954,4,34,2,9.60227452406008,11.8342752116923
1955,4,34,2,12.591223202389,13.9572627496067
1956,4,34,2,11.7517245496094,14.9692784868679
1957,4,34,2,10.4228446697193,12.1217335185894
1958,4,34,2,14.1823750496253,9.41213674921095
1959,4,34,2,12.1096178439178,9.02501349943412
1960,4,34,2,11.3135373016977,9.68908505620096
1961,4,34,2,12.3789815732573,7.75238082954435
1962,4,34,2,8.64516322661666,6.86200724328222
1963,4,34,2,5.73736473781345,6.14722032518424
1964,4,34,2,6.5929440907323,6.32177485360714
1965,4,34,2,6.43016372113984,6.11656093590522
1966,4,34,2,7.77567289265861,5.59011578593555
1967,4,34,2,5.90028113631902,5.02788792346875
1968,4,34,2,6.04964746441295,5.2751124675637
1969,4,34,2,5.5957086977113,5.2751124675637
1970,4,34,2,4.97785960273969,5.08349999627339
1971,4,34,2,6.62599136051197,4.54033137737134
1972,4,34,2,5.97748553237333,3.60384020309779
1973,4,34,2,3.73967982697054,3.52189782800134
1974,4,34,2,4.28020112366435,3.6002381642143
1975,4,34,2,5.22784945792389,3.41781001679809
1976,4,34,2,4.66925719433188,3.98285938585551
1977,4,34,2,7.81464861522894,4.80664819377518
1978,4,34,2,5.04803975195049,4.28877009202371
1979,4,34,2,5.02788792346875,4.12472767736953
1980,4,34,2,3.5537379741905,3.51486107144747
1981,4,34,2,4.48168907033806,3.48336924758137
1982,4,34,2,4.31026764157115,3.74342137726086
1983,4,34,2,3.64734680305677,3.86901518307539
1984,4,34,2,3.41439391511681,3.87676095663318
1985,4,34,2,3.87288613341106,3.72475098525122
1986,4,34,2,4.19964500878792,3.59663972556928
1987,4,34,2,4.3362069876408,3.75091571185186
1988,4,34,2,3.37029406432161,3.20913040958191
1989,4,34,2,4.1454029608917,3.43837852070512
1990,4,34,2,5.43033051273247,3.47640947118253
1991,4,34,2,3.88063965661658,3.31348332470031
1992,4,34,2,4.89395123143276,3.37366604409482
1993,4,34,2,3.83435027251308,2.89504310390363
1994,4,34,2,4.61356095379639,2.89793959501171
1995,4,34,2,2.98321029240836,2.63873596141133
1996,4,34,2,5.55112161426093,3.04347513789662
1997,4,34,2,5.10898114604348,3.27723474084562
1998,4,34,2,3.89229905594087,3.20913040958191
1999,4,34,2,3.56798139393553,2.75660541320083
2000,4,34,2,2.69258042604582,2.47935885365234
1988,3,34,2,2.80948164961369,3.38042012801557
1989,3,34,2,2.89214950783889,3.37029406432161
1990,3,34,2,3.90789943211649,3.61828443311124
1991,3,34,2,3.52189782800134,3.34678438574415
1992,3,34,2,3.1740234175276,3.45907080661025
1993,3,34,2,3.42807884238525,3.04652013527946
1994,3,34,2,3.41781001679809,2.93879607739822
1995,3,34,2,2.23468437756143,2.75660541320083
1996,3,34,2,2.56561957715024,2.90955456785081
1997,3,34,2,2.64692873512992,3.31017149756516
1998,3,34,2,3.15188283604739,3.29036993267909
1999,3,34,2,2.83488111058847,2.90664646757544
2000,3,34,2,3.18355978517939,2.57616021095018
2001,3,34,2,2.07674133636317,2.7264489184541
2002,3,34,2,2.67915112514554,3.57870141010158
1990,2,34,2,2.45076445907627,3.8535700332363
1991,2,34,2,2.89793959501171,3.56441519593778
1992,2,34,2,2.88637098926796,3.64734680305677
1993,2,34,2,3.07099004549651,3.36019833329698
1994,2,34,2,2.53374893890608,3.07406257154899
1995,2,34,2,2.75385018563101,3.00717169255421
1996,2,34,2,2.23379068256132,2.90664646757544
1997,2,34,2,2.60804265662887,3.4487091444549
1998,2,34,2,2.55614432474142,3.47293479933683
1999,2,34,2,2.79826616893057,3.20271856274687
2000,2,34,2,2.29102656780116,2.78430975818862
2001,2,34,2,2.09049316028301,2.7133933221434
2002,2,34,2,2.24835761323496,3.62552824337312
2003,2,34,2,2.06907159119708,3.52894867215121
2004,2,34,2,2.20031382958034,3.45215957852885
1992,1,34,2,4.71147018259074,3.37704139753435
1993,1,34,2,4.77311914499964,3.29695725767367
1994,1,34,2,3.57512449744588,2.86337213941363
1995,1,34,2,4.49066141783546,2.88060401618483
1996,1,34,2,2.8263892114743,2.64534105424074
1997,1,34,2,3.35348465254902,3.18993327611618
1998,1,34,2,4.60894969885433,3.29036993267909
1999,1,34,2,2.68344119808891,3.15188283604739
2000,1,34,2,2.67272887223137,2.68988919146134
2001,1,34,2,2.16387371051534,2.47762390975599
2002,1,34,2,2.48109501243458,3.19631952679034
2003,1,34,2,3.31017149756516,3.49034295746184
2004,1,34,2,2.2311117414284,3.20271856274687
2005,1,34,2,3.33009222898265,3.04347513789662
2006,1,34,2,2.35466861013034,2.73464054650782
2007,1,34,2,3.26741776944292,2.64719344123852
2008,1,34,2,2.40223607137391,2.48357734840814
2009,1,34,2,2.02769564898166,2.31081436184
2010,1,34,2,2.48506794195053,2.11234773596126
2011,1,34,2,2.92706437214141,2.21621325841164
2012,1,34,2,2.58338356752078,2.27436296998843
2013,1,34,2,2.23826273448769,2.09845214678914
2014,1,34,2,2.83204764644607,2.43269573879766
2015,1,34,2,4.09595540407118,2.67005747927823
2016,1,34,2,3.09565650012471,2.39192863314124
2017,1,34,2,3.06792059043433,2.27459041765762
2018,1,34,2,2.43586029977705,2.33660728716365
2019,1,34,2,3.26415198483793,2.43732225449948
2020,1,34,2,3.11428627255346,2.41282919787602
2021,1,34,2,2.57229886736545,2.22709935252719
2007,3,34,2,2.71556490531857,2.59295979181067
2008,3,34,2,1.87236062301113,2.39432175813745
2009,3,34,2,2.15717608869025,2.25736905455529
2010,3,34,2,1.99132450950436,2.11805878129009
2011,3,34,2,2.13656628358638,2.31706199112106
2012,3,34,2,2.1256975344085,2.20361677691591
2013,3,34,2,1.98635241593719,2.19811461554105
2014,3,34,2,2.43976079582143,2.68451478927207
2015,3,34,2,2.4591112397235,2.59295979181067
2016,3,34,2,1.87817394693905,2.30527505719602
2017,3,34,2,1.66395949474104,2.31335765619347
2005,2,34,2,1.6123617023094,3.05261927265434
2006,2,34,2,2.35090415272314,2.97427407256307
2007,2,34,2,1.73411986106907,2.78430975818862
2008,2,34,2,1.63264271584787,2.5813176871291
2009,2,34,2,1.47565210916596,2.43878508665794
2010,2,34,2,1.85818461932402,2.23513135913361
2011,2,34,2,1.78122263124198,2.42807800513009
2012,2,34,2,1.67096282130986,2.3754811346976
2013,2,34,2,1.52699232495616,2.24117436819438
2014,2,34,2,1.53188652694281,2.74285678634492
2001,4,34,2,2.66126081208046,2.90374127394678
2002,4,34,2,3.41439391511681,3.55729348962612
2003,4,34,2,2.50152363441842,3.15819290968977
2004,4,34,2,4.14125962994156,3.1740234175276
2005,4,34,2,3.18355978517939,2.71420746225495
2006,4,34,2,3.13616275482037,2.69177277307201
2007,4,34,2,3.27395914417608,2.52085971477657
2008,4,34,2,2.657803420816,2.32518591666652
2009,4,34,2,2.64137601718062,2.1569603818669
2010,4,34,2,2.8892588039239,2.13400394175866
2011,4,34,2,2.75660541320083,2.2848491393493
2012,4,34,2,2.41935263939334,2.12463495130921
2013,4,34,2,2.82921701435156,2.27868836745778
2014,4,34,2,4.03094161487453,2.66552223761111
2015,4,34,2,3.97490162749475,2.4645272398666
2003,3,34,2,2.38786580884402,3.23814294383796
2004,3,34,2,2.86051019848318,3.28708120738312
2005,3,34,2,2.76212414091537,2.79546930142846
2006,3,34,2,2.0571057105663,2.79267522939589
2019,4,34,2,3.35683981450295,2.43464267405896
2020,4,34,2,3.5537379741905,2.28782137476488
2021,4,34,2,2.63135783491685,2.05299561061515
2018,2,34,2,2.04439111114806,2.53450917761785
2015,2,34,2,2.35891083048149,2.81229253647249
2016,2,34,2,2.04459556048147,2.47688073406499
2017,2,34,2,1.76491053373757,2.42346903682677
2021,3,34,2,2.11424970468117,2.09614511852584
2018,3,34,2,1.55783961613085,2.42540858777316
2019,3,34,2,1.9019886562715,2.48954509247268
2020,3,34,2,2.10286352662504,2.35938265982895
2021,2,34,2,1.56080232508372,2.2809681955493
2016,4,34,2,3.09875370496916,2.2648306773415
2019,2,34,2,2.00792128426931,2.63530783342748
2020,2,34,2,1.89648087930495,2.52969818207346
2018,4,34,2,3.18037781664364,2.40921266715535
2017,4,34,2,2.91246557768099,2.30158956628348
1956,1,35,3,2.58726155063227,2.27641081805482
1957,1,35,3,2.91829633765274,2.73737655483049
1955,1,35,3,2.20979555013699,2.24903222170515
1968,1,35,3,1.33616022925464,1.64526258891859
1969,1,35,3,2.11615338594345,1.70284435005146
1958,1,35,3,3.08329860638887,2.87772485199067
1959,1,35,3,2.47094334801644,2.52111181335276
1972,1,35,3,1.84984157446687,1.83914354760299
1960,1,35,3,1.61801485551466,2.15135956908579
1970,1,35,3,1.04939100429792,1.52287500655988
1971,1,35,3,1.13507644376481,1.55255195555276
1980,1,35,3,1.63951423534424,1.74002590317881
1981,1,35,3,1.082009542823,1.40663453963928
1961,1,35,3,1.938278096849,2.1906537165638
1962,1,35,3,1.42875009125872,2.05772293485848
1984,1,35,3,1.28325523251609,1.60383879095296
1985,1,35,3,1.45295585186414,1.56784176240151
1982,1,35,3,1.26200282168495,1.35472705687431
1983,1,35,3,0.946267481402068,1.370259310957
1988,1,35,3,1.18080923995666,1.36533524607233
1963,1,35,3,1.56017812900122,2.00772050218015
1986,1,35,3,1.42176633997551,1.47476698346472
1987,1,35,3,1.58962795772456,1.57491294856857
1952,1,35,3,3.04347513789662,2.09363125300459
1953,1,35,3,2.06163632497805,2.21444099680407
1954,1,35,3,2.27663847051906,2.27322607275143
1995,1,35,3,1.51664400132232,1.29874706037193
1996,1,35,3,1.2708678327768,1.35567569779971
1997,1,35,3,1.40649388321826,1.52257046201404
1998,1,35,3,1.65731695070686,1.5799607421663
1999,1,35,3,1.08338456789849,1.36943740196778
2000,1,35,3,1.10249963800646,1.24919581965065
2001,1,35,3,1.28402541668774,1.19398923617385
2002,1,35,3,1.41410949383036,1.45164877986809
2003,1,35,3,1.22054807540332,1.477276219583
1964,1,35,3,1.89382766375817,1.88099332186202
1965,1,35,3,1.77570939102266,1.8009242403784
1966,1,35,3,1.477276219583,1.78657432265907
1967,1,35,3,1.51240333781809,1.67732455967844
2008,1,35,3,1.11560850450647,1.06379212437087
2009,1,35,3,1.42903586985388,1.07786259341719
2010,1,35,3,0.939629152667304,1.11137723668982
2011,1,35,3,0.832102207627263,1.31153735162591
2012,1,35,3,1.23256824919254,1.15846980421812
1973,1,35,3,1.52196155561863,1.64246801857525
1974,1,35,3,1.07384965472703,1.53833398053075
1975,1,35,3,1.57901305005706,1.74054798925876
1976,1,35,3,1.38195615626803,1.74962241185396
1977,1,35,3,2.04459556048147,1.82686247337413
1978,1,35,3,1.52135289273708,1.87554634316515
1979,1,35,3,1.39403162695913,1.79588870554399
1952,2,35,3,2.02911553283732,2.06493758340048
1953,2,35,3,2.27800486347826,2.16084640692759
1954,2,35,3,2.05402236508768,2.20692468239016
1955,2,35,3,1.93924747822257,2.1554510379316
1956,2,35,3,2.10833808563698,2.25894976607797
1957,2,35,3,3.3334239868129,2.74834798929016
1958,2,35,3,2.82921701435156,2.73190727282593
1959,2,35,3,2.29056840830508,2.3115077101456
1960,2,35,3,2.14813494880199,2.03704453491944
1989,1,35,3,1.125469182696,1.38389224983608
1990,1,35,3,1.9437128806668,1.75523017120156
1991,1,35,3,1.70642408058808,1.63787554059283
1992,1,35,3,1.60560398430136,1.52959041966338
1993,1,35,3,1.43605532924691,1.29149440322745
1994,1,35,3,1.2198159662128,1.34352935704061
1967,2,35,3,1.32670708998237,1.53541392090284
1968,2,35,3,1.44036996395073,1.55939823492649
1969,2,35,3,1.41100187258072,1.54480857037
1970,2,35,3,1.54203041603234,1.37465116396916
1971,2,35,3,1.34756599704426,1.51391649760971
1972,2,35,3,1.92168037770557,1.72616122859656
1973,2,35,3,1.34918404687645,1.48527508867807
1974,2,35,3,1.37561375665208,1.50606456454113
1975,2,35,3,1.80200511915384,1.67950649955966
2004,1,35,3,1.31468882152099,1.35879734041753
2005,1,35,3,0.89780713990347,1.11773017561431
2006,1,35,3,1.35825393017066,1.17762535518742
2007,1,35,3,0.904475555446088,1.13587127543407
1980,2,35,3,1.53741125698718,1.55503802700845
1981,2,35,3,1.00344492014501,1.27941123569676
1982,2,35,3,1.0481010468491,1.24657526097905
1983,2,35,3,1.02982614836489,1.31193087185649
1984,2,35,3,1.02999093373111,1.50365678797278
1985,2,35,3,1.30056657962273,1.41722395937272
1986,2,35,3,1.20225625030284,1.42290420813407
1987,2,35,3,1.72167903877394,1.44947293898692
1988,2,35,3,1.07764704245432,1.27889957354174
1989,2,35,3,1.3081317836685,1.4666780300684
1990,2,35,3,1.73100125290851,1.71978623306529
1991,2,35,3,1.20117470644531,1.53741125698718
1992,2,35,3,1.58692788590774,1.38860549145585
1993,2,35,3,1.2947271785209,1.2065921727816
1994,2,35,3,1.51346239077986,1.30030649231641
1995,2,35,3,1.30604044633065,1.2296136323529
1996,2,35,3,1.4481690002023,1.29628178371168
1997,2,35,3,1.18744032139924,1.41156638622495
1998,2,35,3,1.40508809234762,1.43261292898938
1999,2,35,3,1.08660700301257,1.26402364242513
2000,2,35,3,1.24532930879799,1.16067298920909
1961,2,35,3,1.94235275774889,2.06679686377621
1962,2,35,3,1.65053586194011,1.91803265142525
1963,2,35,3,1.74107023198803,1.86116009446028
1964,2,35,3,1.61042802870283,1.7506725002961
1965,2,35,3,1.54403635915371,1.66395949474104
1966,2,35,3,1.42960759853993,1.65532936315705
2007,2,35,3,0.891277011749123,1.03109361385887
2008,2,35,3,1.09227207585232,0.993674093331438
2009,2,35,3,1.06194273550937,1.00644769748165
2010,2,35,3,0.856415177483614,1.10417671170935
2011,2,35,3,1.12265902390138,1.22838463332248
2012,2,35,3,1.40494759056359,1.04615339078361
2013,2,35,3,1.01195084747804,1.11026641495657
2014,2,35,3,1.87217339631032,1.32750335309141
2015,2,35,3,1.6287290715815,1.35080403953389
1976,2,35,3,1.90503427396596,1.60480138297626
1977,2,35,3,2.01697729078117,1.77056729343395
1978,2,35,3,1.10269810580287,1.73134748778143
1979,2,35,3,1.79714626773329,1.70233357336678
2020,2,35,3,0.847300386180549,1.14259272473678
2021,2,35,3,0.853764401259391,0.971377608585149
1954,3,35,3,1.76332282883159,2.09719345314692
1955,3,35,3,2.17146053770484,2.05422777759465
1956,3,35,3,2.52893938644387,2.26891104378882
1957,3,35,3,2.7731947639643,2.70040024253487
2013,1,35,3,1.05314402533984,1.10694060691811
2014,1,35,3,1.94994272431864,1.37217901747335
2015,1,35,3,1.66262885947032,1.43361610911175
2016,1,35,3,0.790966233891378,1.3356258720415
2017,1,35,3,1.19518382260369,1.19148448968219
2018,1,35,3,1.16754120114711,1.08959928477251
2019,1,35,3,1.16474246209461,1.09245777788944
2020,1,35,3,1.12277129541725,1.20562728504992
2021,1,35,3,0.826711083412619,1.09681442381993
1967,3,35,3,1.40733803276773,1.44137857589849
1968,3,35,3,1.35066896588374,1.5044088043552
1969,3,35,3,1.64971080029174,1.41623224974002
1970,3,35,3,0.919348511005661,1.29602255327885
1971,3,35,3,1.25132125865534,1.52683963335837
1972,3,35,3,2.02000502695177,1.60287677631164
2001,2,35,3,1.29783825554846,1.14912410000361
2002,2,35,3,1.39333478537057,1.39235979230819
2003,2,35,3,0.996419425599329,1.3443357165385
2004,2,35,3,1.30447413776815,1.19997413212607
2005,2,35,3,0.77926820375343,1.0372054197136
2006,2,35,3,1.07527882495535,1.12142477793482
1952,4,35,3,1.9061776375051,2.00972922687729
1953,4,35,3,2.66259177519955,2.071763133389
1954,4,35,3,1.73550771202429,2.07383593274934
1955,4,35,3,1.98099649815688,2.05792871744093
1956,4,35,3,3.01319205429427,2.39360356934372
1957,4,35,3,3.72102809602082,2.70148061869272
1958,4,35,3,2.86051019848318,2.44195756893729
1959,4,35,3,1.67313648555319,2.00872461343814
1960,4,35,3,1.80326696433153,1.96855545066682
2016,2,35,3,1.0785418607978,1.21215528211825
2017,2,35,3,1.25432803636611,1.07379596358659
2018,2,35,3,1.0445539999417,1.00166338188746
2019,2,35,3,1.07254035698229,1.07458012082257
1952,3,35,3,1.77393456919045,1.98774334939826
1953,3,35,3,2.59373779644307,2.06865781825751
1994,3,35,3,1.50410795268049,1.23207532048518
1995,3,35,3,1.03426393520669,1.16765796110512
1996,3,35,3,1.08279969816087,1.26011123649599
1997,3,35,3,1.41708224406266,1.37850558089375
1958,3,35,3,2.87197515390135,2.54288687349944
1959,3,35,3,1.83877575567389,2.10981443896031
1960,3,35,3,1.79104634616592,1.95795390117859
1961,3,35,3,1.60303707200392,1.9295754410744
1962,3,35,3,1.4203452842818,1.8135749358382
1963,3,35,3,1.50787292681894,1.74298646297704
1964,3,35,3,1.22629815345621,1.64526258891859
1965,3,35,3,1.82686247337413,1.57680397849789
1966,3,35,3,1.16218284528887,1.54898518940841
2007,3,35,3,0.940606875313728,0.952200173511536
2008,3,35,3,1.10550251908874,0.945331140160869
2009,3,35,3,1.16730771625615,0.95596880233884
2010,3,35,3,0.746992600142094,1.12749685157938
2011,3,35,3,1.30944056973614,1.15050387662401
2012,3,35,3,1.15951289636297,0.970921168380964
1973,3,35,3,1.07525731959391,1.37492612169681
1974,3,35,3,1.66529119494589,1.49376533088651
1975,3,35,3,1.55815121521294,1.61995763877811
1976,3,35,3,1.76226515246893,1.5334191796684
1977,3,35,3,1.9695399745026,1.71703677524519
1978,3,35,3,1.22446008512191,1.63052165930274
1979,3,35,3,1.85465742044734,1.62758936017693
1980,3,35,3,1.05155497789433,1.39794038522247
1981,3,35,3,0.769972868861491,1.2043018241735
1982,3,35,3,0.840633083650211,1.16707427805749
1983,3,35,3,0.966088339686492,1.30800097703058
1984,3,35,3,1.16113735127099,1.42846436981356
1985,3,35,3,1.42361583813081,1.31363749105203
1986,3,35,3,1.1809273267849,1.4004589439387
1987,3,35,3,1.62092990501207,1.34554616330272
1988,3,35,3,1.17515493678873,1.20924959765725
1989,3,35,3,1.45586467141781,1.51194968486809
1990,3,35,3,2.16647191758041,1.61187806634773
1991,3,35,3,1.42546774219721,1.43677353644837
1992,3,35,3,1.51255458571414,1.24445788331633
1993,3,35,3,1.39905918499088,1.14202157117471
1966,4,35,3,1.31324345891249,1.50923062332486
1967,4,35,3,1.74490480297988,1.42832153051867
1968,4,35,3,1.6084966741129,1.5020036748849
1969,4,35,3,1.18483082419158,1.35269648959518
1998,3,35,3,1.32511599632152,1.3328240007048
1999,3,35,3,1.28056322412592,1.17081489754647
2000,3,35,3,1.40059899683562,1.07840165946918
2001,3,35,3,1.42176633997551,1.15939695087071
2002,3,35,3,1.56486569121588,1.34810513126273
2003,3,35,3,1.2123977374194,1.2673143800005
2004,3,35,3,1.18922281841988,1.07566599501876
2005,3,35,3,0.79755857399864,1.00684632969382
2006,3,35,3,1.17480244318437,1.0469592391063
1979,4,35,3,1.62661309946832,1.58931006392346
1980,4,35,3,0.873803287647928,1.30447413776815
1981,4,35,3,0.826711083412619,1.18637210587907
1982,4,35,3,1.622227167772,1.14556733113372
1983,4,35,3,1.80110434180736,1.33950480881025
1984,4,35,3,1.2790274698938,1.3800227713345
2013,3,35,3,1.0786389339335,1.15246139663484
2014,3,35,3,1.8009242403784,1.30147729494164
2015,3,35,3,1.26579451484598,1.27941123569676
2016,3,35,3,1.12839920995586,1.12603205799444
2017,3,35,3,1.2785159612144,0.997404374476445
2018,3,35,3,1.13280855951749,0.951571928740598
2019,3,35,3,1.06988375244819,1.05574850629226
2020,3,35,3,0.986255332492666,1.07038671599902
2021,3,35,3,0.893061349515608,0.879853379144644
1994,4,35,3,1.43361610911175,1.17186910527658
1995,4,35,3,1.03247620543091,1.14545278012825
1996,4,35,3,1.1022681373909,1.25294903411639
1997,4,35,3,1.69944206477074,1.3892999678062
1998,4,35,3,1.21288279351912,1.27736581449297
1999,4,35,3,1.28569573520123,1.11215547310647
2000,4,35,3,1.14373588894836,1.04698017850048
1961,4,35,3,1.71309212874453,1.87105042919636
1962,4,35,3,1.42832153051867,1.79104634616592
1963,4,35,3,1.70813135816519,1.69350441449337
1964,4,35,3,1.2383749550333,1.60432001477021
1965,4,35,3,1.67581564668743,1.56674465719945
2006,4,35,3,1.01251769865615,1.01861106667204
2007,4,35,3,0.858988280741123,0.944839695754605
2008,4,35,3,1.17456750619022,0.953820290515781
2009,4,35,3,1.14728697153829,0.968409736263361
1970,4,35,3,0.951629024769187,1.2991367429395
1971,4,35,3,1.48809979396681,1.60063431891125
1972,4,35,3,2.0055132238534,1.53280593465371
1973,4,35,3,1.00586613879915,1.35540458977185
1974,4,35,3,1.54589031493569,1.53234616184268
1975,4,35,3,1.64131869327303,1.59647807514033
1976,4,35,3,1.99232042071616,1.55830703812548
1977,4,35,3,1.83822420568382,1.68657526086547
1978,4,35,3,1.20033417836994,1.60415959079006
2019,4,35,3,1.10982239720005,1.07102914073677
2020,4,35,3,0.806944811731901,1.02363498181708
2021,4,35,3,1.07682834184769,0.845015760770075
1986,4,35,3,2.14641712806286,1.39431046116702
1987,4,35,3,1.56173908747938,1.27468616090357
2010,4,35,3,0.97965971226431,1.18803419001472
1985,4,35,3,1.39598463802563,1.27749355746146
1990,4,35,3,1.66479168251801,1.53710380548196
1991,4,35,3,1.24408460194634,1.38832779812782
1988,4,35,3,1.08891305340868,1.2199379539087
1989,4,35,3,1.67833125639306,1.58169965520952
2011,4,35,3,1.48839744368959,1.1038123935103
2012,4,35,3,0.917585055323718,0.976100233093896
1992,4,35,3,1.42461271808478,1.15893328482975
1993,4,35,3,1.39208134819507,1.12097629772567
2002,4,35,3,1.35784651510692,1.30551813462143
2003,4,35,3,1.54018108935103,1.22311391955508
2013,4,35,3,1.21215528211825,1.23244499853025
2001,4,35,3,1.25470439122743,1.2020158230963
2014,4,35,3,1.82942187199786,1.31626739506151
2015,4,35,3,1.4145337903198,1.23961394938225
2004,4,35,3,1.09468866648904,0.996387540687871
2005,4,35,3,0.939864089321328,1.01487961545854
2018,4,35,3,1.05781980257186,0.961000836081746
2016,4,35,3,1.09174791106553,1.08086322036584
2017,4,35,3,1.16067298920909,0.967161293122535
1956,1,36,4,3.8884087023859,4.37978659237813
1955,1,36,4,4.14955043724514,4.46379811981236
1953,3,36,4,5.88849236674554,4.85495581123743
1954,3,36,4,4.98283995210208,4.83557477590452
1957,1,36,4,5.30685828458275,5.03291832617437
1952,3,36,4,7.12065702529484,4.9381955934959
1953,2,36,4,5.75460267600573,5.07334315650623
1954,2,36,4,3.27068682146595,5.07334315650623
1955,2,36,4,4.00282355160717,4.88417311035035
1952,2,36,4,5.29096156672831,5.15516951223468
1956,3,36,4,6.50128597733347,4.93325986617737
1957,3,36,4,5.06320661011845,5.49588703132045
1958,3,36,4,5.7488509496722,5.15516951223468
1955,3,36,4,3.90009144384319,4.63205215535977
1952,1,36,4,7.46331734731919,4.71618400929386
1953,1,36,4,5.3334590224321,4.61356095379639
1954,1,36,4,4.39734082380486,4.5905507225435
1967,2,36,4,4.65061746985646,4.13712044025139
1968,2,36,4,4.64132552995396,4.20384675431933
1969,2,36,4,5.39245093234951,4.35794231561703
1970,2,36,4,3.42465247701108,4.12060501136872
1958,1,36,4,8.05264009681623,5.08349999627339
1959,1,36,4,5.2383156195126,4.65992801223504
1960,1,36,4,5.19657627454597,4.45042679247243
1961,1,36,4,5.11920933311324,4.65061746985646
1962,1,36,4,4.95798793416143,4.53579331540313
1963,1,36,4,5.28567324976076,4.51317095186486
1964,1,36,4,5.53449320450409,4.25034433646899
1965,1,36,4,4.11237203706461,4.28448346560212
1966,1,36,4,4.86467543924804,4.23761241089689
1967,1,36,4,5.15516951223468,3.89619330179521
1968,1,36,4,4.30595952834521,3.78861304147461
1969,1,36,4,4.89395123143276,4.04709767190669
1970,1,36,4,3.82668923555868,3.85742553069697
1971,1,36,4,5.5957086977113,3.81904350536634
1972,1,36,4,3.99083307565913,3.93141731179462
1959,3,36,4,5.02788792346875,4.72090255218139
1960,3,36,4,5.4032466263096,4.83557477590452
1961,3,36,4,5.85326719373954,4.82591329105806
1962,3,36,4,5.70304361571617,4.81627110987119
1963,3,36,4,5.37629782133381,4.60894969885433
1964,3,36,4,3.98285938585551,4.49965172798451
1965,3,36,4,5.18100990694851,4.53579331540313
1966,3,36,4,4.15785784275601,4.30595952834521
1967,3,36,4,4.16201778022083,3.94717447435738
1968,3,36,4,3.75842505011071,4.16201778022083
1956,2,36,4,4.50866003674647,4.97785960273969
1957,2,36,4,6.46239505092142,5.7144611166427
1958,2,36,4,5.5957086977113,5.528961477624
1959,2,36,4,4.52673079431425,5.02286254865147
1960,2,36,4,5.58452846427605,4.95303242439511
1961,2,36,4,5.70304361571617,5.06320661011845
1962,2,36,4,5.59011578593555,4.96791383261958
1963,2,36,4,5.45209533540899,4.85010328209514
1964,2,36,4,4.46379811981236,4.62742241845867
1965,2,36,4,4.37978659237813,4.66459027098813
1966,2,36,4,4.67860505346372,4.53579331540313
1952,4,36,4,5.2383156195126,4.94808186766163
1953,4,36,4,5.00781654130105,4.88905972636149
1954,4,36,4,3.5537379741905,4.82591329105806
1955,4,36,4,3.82286445903012,4.63668652431341
1956,4,36,4,4.22914565565259,5.18619350822413
1957,4,36,4,5.18619350822413,5.53449320450409
1958,4,36,4,5.16549016847517,5.10387471853673
1959,4,36,4,5.17583148668322,4.72562581597186
1960,4,36,4,6.20900091655554,4.9381955934959
1961,4,36,4,4.98782528430484,4.84041276927395
1962,4,36,4,5.28567324976076,4.84525560305654
1963,4,36,4,5.16032726019108,4.58137879608218
1964,4,36,4,4.41496541277858,4.55397282344148
1965,4,36,4,4.81627110987119,4.56308988310901
1966,4,36,4,4.14125962994156,4.24609611659648
1967,4,36,4,3.36356021228961,3.97887851723571
1968,4,36,4,3.75466850364688,4.28020112366435
1969,4,36,4,4.9928156043333,4.16201778022083
1970,4,36,4,3.10806392443059,4.0349745726322
1971,4,36,4,3.06179088100613,4.21226286112941
1972,4,36,4,3.79240354945419,3.80379784299715
1973,4,36,4,3.39736455442078,3.36356021228961
1974,4,36,4,3.32343870027124,3.53601363210047
1975,4,36,4,3.98285938585551,3.77726423407289
1976,4,36,4,3.13302815962437,3.79619784983765
1977,4,36,4,4.27164927611518,3.99083307565913
1978,4,36,4,3.69507185218999,3.58586597509859
1979,4,36,4,4.64132552995396,3.53601363210047
1980,4,36,4,2.52590647928838,3.11428627255346
1981,4,36,4,2.7787467035812,3.12676836518616
1969,3,36,4,5.20177544997497,4.17869919192325
1970,3,36,4,3.4418186189883,3.99482590481663
1971,3,36,4,3.68768909370502,4.13298538768201
1972,3,36,4,4.15370206314937,3.93141731179462
1973,3,36,4,3.51486107144747,3.3905766155135
1974,3,36,4,3.69507185218999,3.41439391511681
1975,3,36,4,4.51317095186486,3.73594201636036
1976,3,36,4,3.27395914417608,3.6840032478414
1977,3,36,4,3.34343927419294,3.97887851723571
1978,3,36,4,3.65464879622205,3.65830527295193
1979,3,36,4,4.54487397967132,3.5113479672209
1980,3,36,4,2.52742247793006,3.21555509294288
1981,3,36,4,2.41427732979088,3.01620675344692
1982,3,36,4,2.89793959501171,3.49383504617265
1983,3,36,4,3.00717169255421,3.66929666761924
1971,2,36,4,3.8612848855835,4.19544746290187
1972,2,36,4,4.61817682229978,4.22069581699655
1973,2,36,4,4.17035014536897,3.6002381642143
1974,2,36,4,3.64370127931938,3.47640947118253
1975,2,36,4,5.73163024080202,3.82668923555868
1976,2,36,4,4.82591329105806,3.8114130513531
1977,2,36,4,4.17035014536897,4.07960430645159
1978,2,36,4,3.47988761943799,3.9118092861498
1979,2,36,4,4.32754324030077,3.65099597414127
1980,2,36,4,3.40757195152415,3.48336924758137
1981,2,36,4,2.95648185814754,3.08947137431198
1982,2,36,4,3.20913040958191,3.47293479933683
1983,2,36,4,4.89395123143276,3.7061737122102
1984,2,36,4,2.80106583469908,4.01886691114153
1985,2,36,4,3.29366194834527,3.76218535499991
1973,1,36,4,4.27164927611518,3.40757195152415
1974,1,36,4,2.66126081208046,3.13302815962437
1975,1,36,4,3.7061737122102,3.39396888798255
1976,1,36,4,4.2545968066862,3.50783837434258
1977,1,36,4,3.7024693909673,3.63642115930746
1978,1,36,4,4.88905972636149,3.64734680305677
1979,1,36,4,3.63278655575281,3.29695725767367
1980,1,36,4,3.43837852070512,3.25437420288967
1981,1,36,4,2.71257942623725,2.83771740961221
1982,1,36,4,2.80667357223677,3.05567341874553
1983,1,36,4,4.04709767190669,3.38042012801557
1984,1,36,4,3.00116335950493,3.61828443311124
1985,1,36,4,3.50082970859587,3.59663972556928
1986,1,36,4,2.79546930142846,3.02526896022077
1987,1,36,4,3.78861304147461,3.09875370496916
1988,1,36,4,2.7787467035812,2.81510623562406
1989,1,36,4,1.92379538916408,2.46723971141629
1990,1,36,4,2.37524359846114,2.99516703111309
1991,1,36,4,2.67727637559683,3.25112145533162
1992,1,36,4,4.01886691114153,3.34009750608129
1993,1,36,4,2.6604625535816,3.10185400856757
1994,1,36,4,2.76765391713015,2.73464054650782
1995,1,36,4,2.96833146900237,2.41234668028981
1996,1,36,4,2.32077225772862,2.63267384280886
1997,1,36,4,2.68397794000093,3.45907080661025
1998,1,36,4,6.53387380890779,3.18993327611618
1999,1,36,4,2.25308412532346,2.65966453452437
2000,1,36,4,1.99391491476532,2.49378091856193
2001,1,36,4,1.96560483100881,2.10454649054215
2002,1,36,4,2.30112929439894,2.16625528122065
2003,1,36,4,2.95057480345496,2.52893938644387
2004,1,36,4,2.66019652062811,2.86051019848318
2005,1,36,4,2.82356423498648,2.63030550226344
2006,1,36,4,2.02830404893178,2.89214950783889
2007,1,36,4,3.15819290968977,3.04956817918268
2008,1,36,4,1.92071977768673,2.65913265480721
2009,1,36,4,2.72100146988158,2.36694477727531
2010,1,36,4,2.59997024309895,1.99551068492008
2011,1,36,4,2.15609777024798,2.25533833636645
2012,1,36,4,1.94994272431864,2.24655964642699
2013,1,36,4,1.47388238867962,1.79552956371826
2014,1,36,4,2.85765111806316,1.90732168726821
2015,1,36,4,3.36356021228961,2.06969240579197
2016,1,36,4,3.05873062051039,2.25849802130074
2017,1,36,4,1.9911253870097,2.43147969496455
2018,1,36,4,1.73880831125347,2.59555404851465
2019,1,36,4,2.53907540250709,2.30735073866405
2020,1,36,4,2.26845730695526,2.21045858825277
2021,1,36,4,1.48290054867475,2.15911842108854
1994,2,36,4,3.60744584582178,2.94762570344727
1995,2,36,4,2.76212414091537,2.63899984820159
1982,4,36,4,4.54942112684564,3.57870141010158
1983,4,36,4,2.82074208206314,3.78104338756878
1984,4,36,4,2.87484856552161,3.93928801449735
1985,4,36,4,3.61466795721745,3.34009750608129
1986,4,36,4,2.75660541320083,3.29366194834527
1987,4,36,4,3.17719902848597,3.14873252862758
1988,4,36,4,2.11636501186317,2.67326347146396
1989,4,36,4,2.13934562593615,3.06179088100613
1990,4,36,4,2.98022857322402,3.44526215909037
1991,4,36,4,3.05261927265434,3.59304488356428
1992,4,36,4,3.11740211648833,3.39736455442078
1993,4,36,4,3.12989669745678,3.00416602394643
1994,4,36,4,3.95507672292058,2.66152695146842
1995,4,36,4,2.99816369622704,2.66072861313971
1996,4,36,4,2.350669074062,3.54663760098212
1984,3,36,4,3.26741776944292,3.94322927281256
1985,3,36,4,3.04652013527946,3.47988761943799
1986,3,36,4,3.29366194834527,3.21234114509169
1987,3,36,4,3.5113479672209,3.23814294383796
1988,3,36,4,1.94021734440803,2.74285678634492
1989,3,36,4,2.46748644772405,2.85765111806316
1990,3,36,4,3.33675907806742,3.37029406432161
1991,3,36,4,2.99816369622704,3.52542148736538
1992,3,36,4,3.81522637074637,3.4418186189883
1993,3,36,4,3.61828443311124,3.08638344715858
1994,3,36,4,4.36666692194639,2.74834798929016
1995,3,36,4,2.51758472635106,2.5530787912397
1996,3,36,4,2.25533833636645,3.29695725767367
1997,3,36,4,4.50415363028848,3.64734680305677
1998,3,36,4,3.77348885784155,3.04956817918268
1986,2,36,4,2.63267384280886,3.29695725767367
1987,2,36,4,3.65464879622205,3.40757195152415
1988,2,36,4,2.40151550864231,2.96833146900237
1989,2,36,4,2.01516282785026,2.83771740961221
1990,2,36,4,3.1393004861794,3.45907080661025
1991,2,36,4,3.2478719588953,3.61105509599192
1992,2,36,4,3.76594942207478,3.6002381642143
1993,2,36,4,3.75466850364688,3.28379576916863
2006,3,36,4,2.81229253647249,3.31679846531906
2007,3,36,4,2.68370955562637,2.99217336116642
1996,2,36,4,3.42122953628967,3.1393004861794
1997,2,36,4,3.83818654059994,3.79999594641927
1998,2,36,4,4.54487397967132,3.32011692273655
1999,2,36,4,2.35938265982895,2.88348606098324
2000,2,36,4,2.57976936106109,2.65806921444754
2001,2,36,4,2.28690642921629,2.24835761323496
2002,2,36,4,3.21555509294288,2.55691128307684
2003,2,36,4,2.39504016242015,2.87484856552161
2004,2,36,4,3.68768909370502,3.12676836518616
2005,2,36,4,2.72100146988158,2.82921701435156
2006,2,36,4,2.05463866423746,3.30686298060179
2007,2,36,4,2.60231126962166,3.18674493727518
2008,2,36,4,2.08777728487615,2.82921701435156
2009,2,36,4,2.36694477727531,2.49353155293856
2010,2,36,4,1.97862072810621,2.1895586634916
2011,2,36,4,1.92283373190385,2.56870016862804
2012,2,36,4,2.49253433977331,2.32030814968943
2013,2,36,4,1.54650879474938,1.99052813898528
2014,2,36,4,2.60882518679952,2.18693276894725
2015,2,36,4,2.66979048688014,2.40175567220115
2016,2,36,4,1.74507930218499,2.52641171110573
2017,2,36,4,1.79678687442027,2.74560101501692
2018,2,36,4,1.69859255613321,2.75936339737628
2019,2,36,4,2.53628395514185,2.49952321578503
2020,2,36,4,2.10118190854066,2.42759243808739
2021,2,36,4,1.98297848548353,2.39288559597431
2007,4,36,4,2.3619794087048,2.90955456785081
2008,4,36,4,3.07099004549651,2.63241058858751
2009,4,36,4,2.71257942623725,2.23624920425117
2010,4,36,4,1.82375944549041,2.30896644961398
2011,4,36,4,2.13037921694671,2.50778526728429
1999,3,36,4,2.06019368453363,2.75385018563101
2000,3,36,4,2.7101392030188,2.43488615049999
2001,3,36,4,2.29286012237945,2.11086960995055
2002,3,36,4,3.3905766155135,2.53882150766179
2003,3,36,4,2.298599443848,2.85765111806316
2004,3,36,4,3.76594942207478,2.95057480345496
2005,3,36,4,2.46575981160379,2.79267522939589
2018,4,36,4,2.37714455362058,2.55588872308924
2019,4,36,4,2.09740318297855,2.39695696116736
2008,3,36,4,2.15178988402966,2.70040024253487
2009,3,36,4,2.60335240234217,2.32170075231825
2010,3,36,4,2.13934562593615,2.16127861942878
2011,3,36,4,2.25985352672448,2.50127349456218
2012,3,36,4,2.24948207313313,2.08903032712215
2013,3,36,4,1.66662396093716,1.92745407505443
2014,3,36,4,3.00717169255421,2.10181235767587
2015,3,36,4,3.40076361822385,2.35537511668406
2016,3,36,4,1.9037012165987,2.47911093016336
2017,3,36,4,2.00993020984896,2.74285678634492
2018,3,36,4,2.02546641007396,2.62032930812838
2019,3,36,4,2.15847078271283,2.39168945223717
2020,3,36,4,1.8286902495833,2.32867631268408
2021,3,36,4,1.74368379701974,2.45812779193028
2020,4,36,4,2.37690685105055,2.33847732090715
2021,4,36,4,1.913052243867,2.70283169674343
1997,4,36,4,4.9928156043333,3.58586597509859
1998,4,36,4,2.65647485127565,2.93879607739822
1999,4,36,4,1.86134621977584,2.73190727282593
2000,4,36,4,2.07840339416673,2.34550328654886
2001,4,36,4,1.93614716317086,2.20383714961205
2002,4,36,4,3.5537379741905,2.64719344123852
2003,4,36,4,2.45567089279266,2.98321029240836
2004,4,36,4,3.39736455442078,2.87484856552161
2005,4,36,4,2.73737655483049,2.9299929005337
2006,4,36,4,3.61105509599192,3.33009222898265
2014,4,36,4,3.61105509599192,2.18321814156791
2015,4,36,4,4.28020112366435,2.42080468654756
2012,4,36,4,2.03480501789121,2.0027074698261
2013,4,36,4,2.6509021075169,2.01657393565987
2016,4,36,4,2.63847210100843,2.54848738292263
2017,4,36,4,2.1227236400721,2.80106583469908
1980,1,37,5,0.772749766606284,0.785841626388346
1968,1,37,5,0.819795795184359,0.83410165129824
1984,1,37,5,0.521784819117483,0.673410621120386
1985,1,37,5,0.584323798685776,0.680178510378899
1969,1,37,5,0.838198779155184,0.925066178226699
1983,1,37,5,0.599655473213065,0.591141420509011
1952,1,37,5,1.53618181982203,1.09563050367416
1953,1,37,5,0.848911787260555,1.10605540855913
1981,1,37,5,0.585435069276033,0.610852351246849
1982,1,37,5,0.468040709844689,0.553662490948872
1956,1,37,5,0.859331944781646,1.02596127256688
1957,1,37,5,1.74752412418413,1.39249903524946
1958,1,37,5,1.97229926151713,1.47461951413996
1959,1,37,5,1.72391867697376,1.24346271513003
1960,1,37,5,1.30251889336141,1.09876849209916
1961,1,37,5,2.27368076343353,1.23158258890987
1962,1,37,5,1.11560850450647,1.15800650896166
1963,1,37,5,1.29887694157191,1.06754327079317
1964,1,37,5,0.748787535443228,0.836440408654186
1965,1,37,5,1.08986081998382,0.810746379032147
1966,1,37,5,0.762006647180157,0.812044611547655
1967,1,37,5,0.823575542596302,0.806864121285317
1980,2,37,5,1.03437771049709,0.839624928963621
1981,2,37,5,0.680790946593197,0.641786233734277
1970,1,37,5,1.0951594838341,0.822587844682459
1971,1,37,5,0.874415164081049,0.692047973431032
1972,1,37,5,0.83660771346584,0.812694507160477
1973,1,37,5,1.17762535518742,0.749536697497268
1974,1,37,5,0.701524117591467,0.608961641072897
1975,1,37,5,0.572982559444646,0.626880090412377
1976,1,37,5,0.539992515340732,0.68694572004842
1977,1,37,5,0.614098463306812,0.751939056653897
1978,1,37,5,0.829194940585724,0.769357136892029
1979,1,37,5,0.685573201584293,0.773909761034516
1952,2,37,5,1.05712187184463,1.20997536512431
1953,2,37,5,1.16439309176416,1.21957202741425
1954,2,37,5,1.0692527072109,1.21227650370744
1955,2,37,5,1.01178894829473,1.1356441238949
1956,2,37,5,1.00508890471354,1.175860241321
1957,2,37,5,1.49286934051197,1.61866219091532
1986,1,37,5,0.683041267704623,0.656784053643869
1987,1,37,5,0.535207905052356,0.645906837497233
1988,1,37,5,0.521159052869383,0.629644439919291
1989,1,37,5,0.405554505063321,0.499923596118121
1990,1,37,5,0.488849797142181,0.482922062322932
1991,1,37,5,0.576661407582004,0.562761142107455
1992,1,37,5,0.404865648099032,0.473691032495018
1993,1,37,5,0.350638324951693,0.422739131745963
1954,1,37,5,1.09869158099663,1.10849140907601
1955,1,37,5,1.42689392291092,1.04628939956479
1968,2,37,5,1.08715044236259,0.953534187346248
1969,2,37,5,1.00290621487821,1.02829284999479
1970,2,37,5,1.02021154209117,0.86088013523565
1971,2,37,5,0.717343839738662,0.773987155880297
1972,2,37,5,0.908809297994223,0.912132513110028
1973,2,37,5,0.895565425364444,0.764601879174887
1974,2,37,5,0.809774066881276,0.664513556489044
1975,2,37,5,0.842653026012233,0.727675552331572
1976,2,37,5,0.811963411146587,0.779891867748769
1977,2,37,5,0.869097467045395,0.851292071107151
1978,2,37,5,0.918089865914333,0.835771523916831
1979,2,37,5,1.01597627753416,0.862258645966529
2006,1,37,5,0.395699576834989,0.506009416593123
2007,1,37,5,0.389652485465486,0.690596197584993
1982,2,37,5,0.63489223700182,0.613852873042817
1983,2,37,5,1.10760497057143,0.676447797436907
1984,2,37,5,0.76254023856838,0.741336974979017
1985,2,37,5,0.780750220810926,0.745052942029944
1986,2,37,5,0.903481179342221,0.704476714999591
1987,2,37,5,0.668846962919932,0.690941582022699
1988,2,37,5,0.606591315811359,0.651811414798732
1989,2,37,5,0.661927000681021,0.512220542303924
1990,2,37,5,0.71870808866023,0.576257885845782
1991,2,37,5,0.540965377181329,0.61305538278884
1992,2,37,5,0.533071349392207,0.50854579934885
1993,2,37,5,0.465752920028983,0.460657712924308
1994,2,37,5,0.869271303921912,0.512886862022896
1995,2,37,5,0.613546023325118,0.587252733915333
1996,2,37,5,0.949139020054833,0.902487896450691
1997,2,37,5,1.07150049724952,1.23763215292319
1958,2,37,5,1.74194098477408,1.55924230289973
1959,2,37,5,1.21969399071506,1.30082671895172
1960,2,37,5,1.38791136225688,1.24882111711295
1961,2,37,5,1.69282714818987,1.3385674835462
1962,2,37,5,1.58565885128055,1.26389724638079
1963,2,37,5,1.26149812150304,1.11093277469347
1964,2,37,5,0.872929921116327,0.902668412080942
1965,2,37,5,1.22727958449905,0.900324522586266
1966,2,37,5,1.06436672724684,0.890920572237078
1967,2,37,5,0.861138438019701,0.91493706270619
1994,1,37,5,0.506971748410375,0.449733542217763
1995,1,37,5,0.378817772830404,0.503989421610043
1996,1,37,5,0.694682758651465,0.722527353642072
1997,1,37,5,0.80985504833697,1.14614025801907
1998,1,37,5,0.99793912652191,0.941237293086559
1999,1,37,5,0.689561079821023,0.705957670560178
2000,1,37,5,0.58502540812567,0.602962664755605
2001,1,37,5,0.83510317407328,0.616559776504685
2002,1,37,5,0.699702523983583,0.577469298944618
2003,1,37,5,0.840380931549822,0.713409278581649
2004,1,37,5,0.57246710712948,0.704194980664215
2005,1,37,5,0.505301499067787,0.642621098382576
1952,3,37,5,1.65681983019346,1.19506431019715
1953,3,37,5,1.1984151792932,1.20297782050243
1954,3,37,5,1.22605291834985,1.1749199293029
1955,3,37,5,1.05648778896541,1.10760497057143
1956,3,37,5,1.63313258213889,1.26351813407657
1957,3,37,5,1.43576814690025,1.64099046235856
1958,3,37,5,1.27417638840051,1.47698079388264
1959,3,37,5,1.74909760385554,1.2243376452355
1960,3,37,5,1.21908429615604,1.28338356445583
1961,3,37,5,1.08363377500683,1.29550424792552
1962,3,37,5,1.68270059533892,1.23059771684009
1963,3,37,5,1.03840927610218,1.02770689008473
1964,3,37,5,0.83719354388199,0.878271067569825
1965,3,37,5,0.913109017235596,0.889140511746448
1966,3,37,5,0.828449000862423,0.871708674299006
1967,3,37,5,1.03640707894107,0.89933471010809
1968,3,37,5,1.01523488549258,0.96888437331071
1969,3,37,5,1.30734714001494,0.986916344979892
1998,2,37,5,0.970756125811355,0.927836265316058
1999,2,37,5,0.675028747586133,0.717200385316635
2000,2,37,5,0.877744262986462,0.674421495017951
2001,2,37,5,0.940230707802121,0.653442981944887
2002,2,37,5,0.960309164511413,0.662258046936028
2003,2,37,5,0.975709871078267,0.788281515304025
2004,2,37,5,0.864935795206398,0.766132613156974
2005,2,37,5,0.733520304587269,0.655930789116243
2006,2,37,5,0.584849926826743,0.592206433289877
2007,2,37,5,0.585317993970098,0.754424554356475
1980,3,37,5,0.790096649393255,0.775536679198869
1981,3,37,5,0.758812930761241,0.611157853791744
1982,3,37,5,0.623067761286087,0.60774493490249
1983,3,37,5,0.637947045414389,0.693710883260866
1984,3,37,5,0.531740335479354,0.734621410667252
1985,3,37,5,0.954707755993444,0.727675552331572
1986,3,37,5,0.82621520554081,0.690734330637355
1987,3,37,5,0.72462572413424,0.685161981041842
1988,3,37,5,0.501375478759165,0.61250388115729
1989,3,37,5,0.366044634804015,0.489583622068997
1990,3,37,5,0.631157401402656,0.594580002997693
1991,3,37,5,0.561580583729181,0.57126618761134
1992,3,37,5,0.447848622442807,0.483163583729414
1993,3,37,5,0.549086110524963,0.453391177333849
1994,3,37,5,0.569782824730923,0.512066899188852
1995,3,37,5,0.533871556421529,0.625752721186328
1996,3,37,5,1.16322928067492,1.02579713189487
1997,3,37,5,0.925084679735278,1.18057310172328
1998,3,37,5,0.841053505288687,0.85393517121607
1999,3,37,5,0.827124542310436,0.668044827941671
2000,3,37,5,1.23170575332688,0.677192299415105
2001,3,37,5,0.967296705182195,0.617608819558695
2002,3,37,5,1.00385541305743,0.692671096970652
2003,3,37,5,0.804768999408667,0.772595232106928
2004,3,37,5,0.83510317407328,0.744085002502316
2005,3,37,5,0.540262579108718,0.58895823863025
2006,3,37,5,0.556270829450296,0.642428340968119
2007,3,37,5,0.569839805862405,0.727966680774312
2008,3,37,5,0.709425352027267,0.557607482783383
2009,3,37,5,0.475542034629767,0.500373729884438
1970,3,37,5,0.903390835741542,0.80444715618184
1971,3,37,5,0.798276699823386,0.796044651389959
1972,3,37,5,0.936458567438826,0.892347186139435
1973,3,37,5,1.03849235216727,0.704970021337165
1974,3,37,5,0.716698520720015,0.656652709967945
1975,3,37,5,0.695377788867305,0.73926413477961
1976,3,37,5,1.02197803563532,0.772672495493244
1977,3,37,5,0.71870808866023,0.844255588714119
1978,3,37,5,0.781531361537005,0.821190633312658
1979,3,37,5,0.910765339976558,0.864503435407751
2020,3,37,5,0.350638324951693,0.366777456651197
2021,3,37,5,0.448924749973165,0.34958798627261
2008,2,37,5,0.76712923321676,0.614344151826563
2009,2,37,5,0.515663942446662,0.510328828126757
2010,2,37,5,0.462827900120011,0.485003098211553
2011,2,37,5,0.479697299524036,0.466452073643146
2012,2,37,5,0.506110628597305,0.47425980292802
2013,2,37,5,0.400797085878556,0.443037882078697
2014,2,37,5,0.56490370273444,0.503687118657032
2015,2,37,5,0.519805799323864,0.594520547970194
2016,2,37,5,0.538967503631067,0.50661699236559
2017,2,37,5,0.385351258847303,0.38751527949937
2018,2,37,5,0.39435648282741,0.342665680348393
2019,2,37,5,0.317270676613744,0.349937749111155
2020,2,37,5,0.32758752752369,0.38400488696655
2021,2,37,5,0.337901785894713,0.355226380924952
2008,1,37,5,0.477066206514972,0.604895235747282
2009,1,37,5,0.329888684870685,0.466965453231161
2010,1,37,5,0.324977282206064,0.456987153036762
2011,1,37,5,0.479937208145955,0.410040230880032
2012,1,37,5,0.508393258491318,0.437490625868634
2013,1,37,5,0.341297755300994,0.400156323287919
2014,1,37,5,0.34958798627261,0.427500423483985
2015,1,37,5,0.583389628143602,0.536815939613329
2016,1,37,5,0.497678994077944,0.49267773511034
2017,1,37,5,0.416112342954551,0.367144417557721
2018,1,37,5,0.336889599575647,0.311610895279971
2019,1,37,5,0.320139000800948,0.302703954182143
2020,1,37,5,0.296710014294045,0.356650132052572
2021,1,37,5,0.328900501831768,0.32465246735835
2010,3,37,5,0.40734287641734,0.455299424793193
2011,3,37,5,0.396650396346414,0.469634756602051
2012,3,37,5,0.500874353884604,0.449598642391084
2013,3,37,5,0.468181143121581,0.435221579248246
2014,3,37,5,0.428484806064017,0.528242405132812
2015,3,37,5,0.472130428500624,0.578162678047607
2016,3,37,5,0.722093967258803,0.461026386544433
2017,3,37,5,0.496982730984124,0.362040208543487
2018,3,37,5,0.361316851724339,0.32562788715856
2019,3,37,5,0.292877747811295,0.36240242983249
1952,4,37,5,1.27659962488414,1.13712142129122
1953,4,37,5,1.00935448221001,1.14293555397602
1954,4,37,5,1.09287299073048,1.09172607632565
1955,4,37,5,1.17116619470767,1.0460906234632
1956,4,37,5,1.39041185247501,1.32088240249608
1957,4,37,5,1.43576814690025,1.55597132978749
1958,4,37,5,1.12052799687272,1.3416497319853
1959,4,37,5,0.976861888282617,1.12625728692819
1960,4,37,5,1.02942459447513,1.25771929820759
1961,4,37,5,0.769664941303564,1.20671283803204
1962,4,37,5,1.09308065632633,1.14133656375478
1963,4,37,5,0.81783064440013,0.911439555757213
1964,4,37,5,0.680927118399243,0.830854989962923
1965,4,37,5,0.733960548830087,0.841894979460939
1966,4,37,5,0.672603013036805,0.824646887024675
1967,4,37,5,0.957030516851979,0.84959118841459
1968,4,37,5,0.571609050172389,0.943772629904153
1969,4,37,5,1.04352040319657,0.896909781517539
1970,4,37,5,0.838953497628794,0.730811294220004
1971,4,37,5,0.523038606626558,0.798196876144654
1972,4,37,5,0.726948240495768,0.817503577560099
1973,4,37,5,0.691425410450308,0.640247793639879
1974,4,37,5,0.519857782502912,0.630652677398054
1975,4,37,5,0.755632599822102,0.711201134210177
1976,4,37,5,0.873191839378437,0.749162022824993
1977,4,37,5,0.792153573524314,0.796044651389959
1978,4,37,5,0.68708312293226,0.782861094804651
1979,4,37,5,0.705745915023928,0.823493189159783
1980,4,37,5,0.785684473778853,0.679091094926637
1981,4,37,5,0.649339231545538,0.57126618761134
1982,4,37,5,0.400476576430726,0.589017137399002
1983,4,37,5,0.71049028855803,0.679974487430758
1984,4,37,5,0.571894926160517,0.698444192278697
1985,4,37,5,0.814565855752874,0.6825633061233
1986,4,37,5,0.984649045780019,0.659350512795439
1987,4,37,5,0.447669518816944,0.653442981944887
1988,4,37,5,0.457764691917716,0.547331843295824
1989,4,37,5,0.407872766510617,0.47066909041659
1990,4,37,5,0.70005246272297,0.578393989378008
1991,4,37,5,0.409712329873218,0.511146007821184
1992,4,37,5,0.550515591932884,0.444324556713201
1993,4,37,5,0.451626395304066,0.442816418508164
1994,4,37,5,0.365313277135861,0.495642687483269
1995,4,37,5,0.691632869190699,0.657441166199031
1996,4,37,5,0.525555226995341,1.09752758494767
1997,4,37,5,0.919909484676949,1.05106086318077
1998,4,37,5,0.613914261399488,0.767819960307222
1999,4,37,5,0.649209376685147,0.619154773244515
2000,4,37,5,0.830522714426476,0.645325782857295
2001,4,37,5,0.849166499001584,0.57781588448925
2002,4,37,5,0.788360347397094,0.701243564058877
2003,4,37,5,0.723901460602227,0.728185103540321
2004,4,37,5,0.57700750824637,0.690250985796339
2005,4,37,5,0.457856254012004,0.520586093096875
2006,4,37,5,0.478212540461103,0.670051971635679
2007,4,37,5,0.66119928129931,0.661927000681021
2008,4,37,5,0.38231897718535,0.49574182593428
2009,4,37,5,0.422485564344743,0.475827445465233
2010,4,37,5,0.346109527689904,0.419370710342504
2011,4,37,5,0.349238573022081,0.452078247587858
2012,4,37,5,0.310056729455975,0.41548864233253
2013,4,37,5,0.376325808059293,0.419874257262641
2014,4,37,5,0.309746827703221,0.530412644945329
2015,4,37,5,0.369427784068383,0.531953074158445
2016,4,37,5,0.370797198724275,0.405108640378286
2017,4,37,5,0.350989138654261,0.330218738554893
2018,4,37,5,0.355937544613435,0.303613429575673
2019,4,37,5,0.271987274148337,0.359514776408329
2020,4,37,5,0.445125061153144,0.339595525644939
2021,4,37,5,0.262107645215392,0.331210882241981
