year,area,stage,f
1952,1,adult,0.0191880513970253
1953,1,adult,0.0162935857331618
1954,1,adult,0.0176616116052725
1955,1,adult,0.0193626010602688
1956,1,adult,0.0270811788169283
1957,1,adult,0.025731424054779
1958,1,adult,0.0270631733348851
1959,1,adult,0.0301936458285271
1960,1,adult,0.0465335334807825
1961,1,adult,0.0231474909239132
1962,1,adult,0.0179627002460457
1963,1,adult,0.0288598738633357
1964,1,adult,0.0192853237038255
1965,1,adult,0.0217711284986439
1966,1,adult,0.0266971057377601
1967,1,adult,0.040738377199717
1968,1,adult,0.0255755320460966
1969,1,adult,0.0313204810844844
1970,1,adult,0.0284481298864986
1971,1,adult,0.0231128244797017
1972,1,adult,0.0212827744245629
1973,1,adult,0.018310399981079
1974,1,adult,0.0222053696866772
1975,1,adult,0.0329341822456764
1976,1,adult,0.0388819423793683
1977,1,adult,0.0405195384249964
1978,1,adult,0.0376161775242875
1979,1,adult,0.0363212110303569
1980,1,adult,0.0358961878886756
1981,1,adult,0.0361191921136435
1982,1,adult,0.0372552646168422
1983,1,adult,0.0378080857034837
1984,1,adult,0.0422433893487643
1985,1,adult,0.0435954576696119
1986,1,adult,0.0478566800711436
1987,1,adult,0.0438156903807855
1988,1,adult,0.0527863244421558
1989,1,adult,0.0487771178871037
1990,1,adult,0.0430907052631625
1991,1,adult,0.0517950886896395
1992,1,adult,0.0569188202110987
1993,1,adult,0.0647870176686564
1994,1,adult,0.0466534004880618
1995,1,adult,0.0588554670779877
1996,1,adult,0.055457827460759
1997,1,adult,0.0659673321014274
1998,1,adult,0.0597053811239113
1999,1,adult,0.0700306582602313
2000,1,adult,0.0560505613040205
2001,1,adult,0.0527918762726532
2002,1,adult,0.0589996877509102
2003,1,adult,0.0755148283334977
2004,1,adult,0.071496451252756
2005,1,adult,0.0657412318596664
2006,1,adult,0.0849538129995235
2007,1,adult,0.0760878580433329
2008,1,adult,0.0638365030308005
2009,1,adult,0.0593907268908626
2010,1,adult,0.0624785185104082
2011,1,adult,0.0644276580374683
2012,1,adult,0.0578639473469733
2013,1,adult,0.0424806886886724
2014,1,adult,0.0522784824856684
2015,1,adult,0.0653176493593311
2016,1,adult,0.0658460029927013
2017,1,adult,0.0506151295748554
2018,1,adult,0.0459480357611875
2019,1,adult,0.056903334522783
2020,1,adult,0.0615425137301356
2021,1,adult,0.0636728370029314
1952,2,adult,0.00777603654629036
1953,2,adult,0.00567663611666592
1954,2,adult,0.00346773199448762
1955,2,adult,0.0078814385424325
1956,2,adult,0.00478777471661417
1957,2,adult,0.00587430938074275
1958,2,adult,0.0146586310577733
1959,2,adult,0.0180513840987006
1960,2,adult,0.0147939802054914
1961,2,adult,0.0155875996790179
1962,2,adult,0.0206265113551278
1963,2,adult,0.0228427078967288
1964,2,adult,0.0175888100822157
1965,2,adult,0.0112961688338129
1966,2,adult,0.0144852797065332
1967,2,adult,0.0180381848155369
1968,2,adult,0.012439695522699
1969,2,adult,0.0146487226750674
1970,2,adult,0.0190579613056573
1971,2,adult,0.0170055070998931
1972,2,adult,0.0248104178933222
1973,2,adult,0.0240065833014312
1974,2,adult,0.0252524226626247
1975,2,adult,0.0233125858929455
1976,2,adult,0.0270443061052223
1977,2,adult,0.0191775745989546
1978,2,adult,0.0244265871148749
1979,2,adult,0.0222602767388252
1980,2,adult,0.0196202323084303
1981,2,adult,0.028054258061461
1982,2,adult,0.0222243748300647
1983,2,adult,0.0184041295670843
1984,2,adult,0.0196208696554489
1985,2,adult,0.0177125038719966
1986,2,adult,0.0242618286643239
1987,2,adult,0.0310708870712298
1988,2,adult,0.0381378072499456
1989,2,adult,0.035287171445263
1990,2,adult,0.0252038771202977
1991,2,adult,0.033368293625549
1992,2,adult,0.0239798437689491
1993,2,adult,0.0303384033356471
1994,2,adult,0.0255443887215925
1995,2,adult,0.0310579295553638
1996,2,adult,0.024125508951278
1997,2,adult,0.0228475922042631
1998,2,adult,0.024463835900766
1999,2,adult,0.0267913994842291
2000,2,adult,0.0192454501390194
2001,2,adult,0.0204854172732353
2002,2,adult,0.0213702300127452
2003,2,adult,0.0394234769756186
2004,2,adult,0.0326039630264809
2005,2,adult,0.0421789904570189
2006,2,adult,0.035003557023982
2007,2,adult,0.035947304186814
2008,2,adult,0.0438975414644392
2009,2,adult,0.0242789791903726
2010,2,adult,0.0208114578907509
2011,2,adult,0.0342449034173434
2012,2,adult,0.0426495741817889
2013,2,adult,0.0372173386737361
2014,2,adult,0.0319219054247973
2015,2,adult,0.0323680565407609
2016,2,adult,0.0394268653254284
2017,2,adult,0.0486093538344848
2018,2,adult,0.0509834481343469
2019,2,adult,0.0531101772753448
2020,2,adult,0.0538108134935985
2021,2,adult,0.0629657898499364
1952,3,adult,0.00743111353676091
1953,3,adult,0.0141374613162507
1954,3,adult,0.00485566781850709
1955,3,adult,0.0107974182703111
1956,3,adult,0.0111354869335707
1957,3,adult,0.0297172080691819
1958,3,adult,0.0249436571331997
1959,3,adult,0.0283281077897802
1960,3,adult,0.0247936886321228
1961,3,adult,0.0304098477531065
1962,3,adult,0.0241791237877222
1963,3,adult,0.0346898021452608
1964,3,adult,0.0202344607410555
1965,3,adult,0.0249816632625603
1966,3,adult,0.0350692182026755
1967,3,adult,0.0238046025117899
1968,3,adult,0.0265921896067304
1969,3,adult,0.042177810937021
1970,3,adult,0.0193737565927329
1971,3,adult,0.0263291738433703
1972,3,adult,0.0635568397650747
1973,3,adult,0.0317646724093762
1974,3,adult,0.0421350338273785
1975,3,adult,0.0440756802765451
1976,3,adult,0.049538982191364
1977,3,adult,0.0684107188345544
1978,3,adult,0.0406919970779898
1979,3,adult,0.0671249991825203
1980,3,adult,0.0612218814288751
1981,3,adult,0.050375143727207
1982,3,adult,0.0637788084062148
1983,3,adult,0.0339343555164766
1984,3,adult,0.0554048772291106
1985,3,adult,0.0682004484807288
1986,3,adult,0.0417561642909047
1987,3,adult,0.0597564128093387
1988,3,adult,0.05308925985197
1989,3,adult,0.0742648278777348
1990,3,adult,0.11075286575545
1991,3,adult,0.0525966792842025
1992,3,adult,0.0980380542747674
1993,3,adult,0.101084985600172
1994,3,adult,0.178797412039048
1995,3,adult,0.125178438695743
1996,3,adult,0.0932734481574073
1997,3,adult,0.0940179849240346
1998,3,adult,0.0939627490747715
1999,3,adult,0.133114068517626
2000,3,adult,0.121412791219888
2001,3,adult,0.126453973290816
2002,3,adult,0.122448623196082
2003,3,adult,0.110131742714576
2004,3,adult,0.105755535098679
2005,3,adult,0.0817983427830371
2006,3,adult,0.116519497618695
2007,3,adult,0.0994136517231865
2008,3,adult,0.104977882952137
2009,3,adult,0.144846935523571
2010,3,adult,0.0838426374193553
2011,3,adult,0.129864623832017
2012,3,adult,0.105894086931022
2013,3,adult,0.0996934704655798
2014,3,adult,0.167167972051319
2015,3,adult,0.134249298398549
2016,3,adult,0.0634967283689289
2017,3,adult,0.108692913467663
2018,3,adult,0.15290180177437
2019,3,adult,0.106094516517656
2020,3,adult,0.0711926338253032
2021,3,adult,0.0628861438259204
1952,4,adult,0.00997547182162897
1953,4,adult,0.0118074451427102
1954,4,adult,0.00301648607301955
1955,4,adult,0.00735812532406473
1956,4,adult,0.00992198285951516
1957,4,adult,0.0150452010708484
1958,4,adult,0.0240944611237121
1959,4,adult,0.0131500785111856
1960,4,adult,0.0141774322146305
1961,4,adult,0.0223995712775192
1962,4,adult,0.0165021962743536
1963,4,adult,0.0256132128728867
1964,4,adult,0.0235635208587652
1965,4,adult,0.024275583417842
1966,4,adult,0.0187408620070925
1967,4,adult,0.02045546015881
1968,4,adult,0.0160984444270499
1969,4,adult,0.0207476403091896
1970,4,adult,0.0179657035251916
1971,4,adult,0.0223693711249348
1972,4,adult,0.0308623263830294
1973,4,adult,0.0169706520647285
1974,4,adult,0.0183143023060898
1975,4,adult,0.0402558093354852
1976,4,adult,0.0404409554300689
1977,4,adult,0.0462450258463579
1978,4,adult,0.0259674655301798
1979,4,adult,0.0495832832179472
1980,4,adult,0.0532263493285223
1981,4,adult,0.0253326572666393
1982,4,adult,0.0505145881122601
1983,4,adult,0.0483869016067612
1984,4,adult,0.0485802843347347
1985,4,adult,0.0605097092772715
1986,4,adult,0.0358948451814242
1987,4,adult,0.0750663869269292
1988,4,adult,0.0468539111615639
1989,4,adult,0.0462547552743253
1990,4,adult,0.0566437905502392
1991,4,adult,0.0266889080662383
1992,4,adult,0.0623041391661337
1993,4,adult,0.0518381788922631
1994,4,adult,0.0882269567522415
1995,4,adult,0.0715386732348903
1996,4,adult,0.0512196378868985
1997,4,adult,0.0789340698764682
1998,4,adult,0.132196380631487
1999,4,adult,0.0899825801893117
2000,4,adult,0.110063649543063
2001,4,adult,0.0979278163163752
2002,4,adult,0.177602196970246
2003,4,adult,0.0803103425308781
2004,4,adult,0.187041168140021
2005,4,adult,0.105988672906897
2006,4,adult,0.0956654516070812
2007,4,adult,0.103376597765133
2008,4,adult,0.0991853760717384
2009,4,adult,0.121770554140339
2010,4,adult,0.127874824432104
2011,4,adult,0.103396219735166
2012,4,adult,0.130447748859215
2013,4,adult,0.113908980582271
2014,4,adult,0.137304542617005
2015,4,adult,0.12477993726097
2016,4,adult,0.102996361281099
2017,4,adult,0.053260889429979
2018,4,adult,0.0685531271401478
2019,4,adult,0.0928311916726703
2020,4,adult,0.0760614519610932
2021,4,adult,0.0499495403647573
1952,5,adult,0.000179060630418473
1953,5,adult,0.00155667101990607
1954,5,adult,0.0109366113316613
1955,5,adult,0.0022095193622319
1956,5,adult,0.00161607981861227
1957,5,adult,0.00299842270625402
1958,5,adult,0.00345273211203821
1959,5,adult,0.0038845018973379
1960,5,adult,0.00227603854746754
1961,5,adult,0.00410745011165607
1962,5,adult,0.0125059304191336
1963,5,adult,0.0134727029852264
1964,5,adult,0.0089961487884342
1965,5,adult,0.0126666889520341
1966,5,adult,0.0160932019247918
1967,5,adult,0.0115383960237591
1968,5,adult,0.0117025349296035
1969,5,adult,0.0110239044891206
1970,5,adult,0.0204582035624464
1971,5,adult,0.0193085139499328
1972,5,adult,0.0147449181251919
1973,5,adult,0.0313857240308719
1974,5,adult,0.0221448017974611
1975,5,adult,0.00739678576308572
1976,5,adult,0.0122281219334718
1977,5,adult,0.00723732830996801
1978,5,adult,0.0115330930789926
1979,5,adult,0.0225716916737012
1980,5,adult,0.0194292892666336
1981,5,adult,0.0238816110623693
1982,5,adult,0.0192655007335594
1983,5,adult,0.0193083837037256
1984,5,adult,0.0148268971081303
1985,5,adult,0.0203543171722257
1986,5,adult,0.0226775868182704
1987,5,adult,0.0120055145991202
1988,5,adult,0.0322114868653115
1989,5,adult,0.0268735042821164
1990,5,adult,0.0335060023884932
1991,5,adult,0.021033410050086
1992,5,adult,0.019280889767006
1993,5,adult,0.0299700991729131
1994,5,adult,0.0351172719082453
1995,5,adult,0.0347179273150165
1996,5,adult,0.0253428986752752
1997,5,adult,0.026378881439506
1998,5,adult,0.0277973653454085
1999,5,adult,0.0254702072677115
2000,5,adult,0.0262654014620528
2001,5,adult,0.0399632194652578
2002,5,adult,0.0486175520189625
2003,5,adult,0.0618436018483241
2004,5,adult,0.0496123004458885
2005,5,adult,0.0413600226408873
2006,5,adult,0.0467924263008269
2007,5,adult,0.0360078752984274
2008,5,adult,0.0597840339958021
2009,5,adult,0.042364711692245
2010,5,adult,0.079088643861746
2011,5,adult,0.0691201516667799
2012,5,adult,0.0459048496573243
2013,5,adult,0.0444708252346237
2014,5,adult,0.0629929820944241
2015,5,adult,0.0489614602350627
2016,5,adult,0.0392054114957699
2017,5,adult,0.0394361125226176
2018,5,adult,0.049287551121729
2019,5,adult,0.0549591038762086
2020,5,adult,0.0430455457134636
2021,5,adult,0.0448511774735743
1952,6,adult,7.39137411638112e-11
1953,6,adult,8.04578355863515e-06
1954,6,adult,0.000596293897463306
1955,6,adult,0.00450764704569644
1956,6,adult,0.0052006928413006
1957,6,adult,0.00225085749044115
1958,6,adult,0.0040081139709733
1959,6,adult,0.00464619374707754
1960,6,adult,0.0044678265063902
1961,6,adult,0.00480329831028286
1962,6,adult,0.00208759280497172
1963,6,adult,0.00323030867226345
1964,6,adult,0.00391888173240872
1965,6,adult,0.00620259908129525
1966,6,adult,0.0108755628442262
1967,6,adult,0.00688267935769985
1968,6,adult,0.00363216556248205
1969,6,adult,0.00534564423314609
1970,6,adult,0.00611075715393069
1971,6,adult,0.00762681958307834
1972,6,adult,0.00568784013425442
1973,6,adult,0.0118863563701127
1974,6,adult,0.00959317190705051
1975,6,adult,0.00524005762996522
1976,6,adult,0.0112099052592036
1977,6,adult,0.0102517247907794
1978,6,adult,0.0104497110051446
1979,6,adult,0.00845283596685008
1980,6,adult,0.0107040602763292
1981,6,adult,0.0129764226160907
1982,6,adult,0.0104088668953332
1983,6,adult,0.0111978154608371
1984,6,adult,0.00937140717562736
1985,6,adult,0.00814769303093648
1986,6,adult,0.00870051389164252
1987,6,adult,0.0111672385626425
1988,6,adult,0.00646286613925186
1989,6,adult,0.00461489061288922
1990,6,adult,0.00738096677370756
1991,6,adult,0.00772762798051581
1992,6,adult,0.00502334762032334
1993,6,adult,0.00508315018766219
1994,6,adult,0.00976733345477486
1995,6,adult,0.0103755907273273
1996,6,adult,0.0118815920252755
1997,6,adult,0.00929406882195116
1998,6,adult,0.0178484445528587
1999,6,adult,0.0180475867397866
2000,6,adult,0.0192116802504026
2001,6,adult,0.0307554884175421
2002,6,adult,0.0388360151109982
2003,6,adult,0.0407642722752303
2004,6,adult,0.0404389583473056
2005,6,adult,0.0344266883692707
2006,6,adult,0.0402191497767153
2007,6,adult,0.0373275770308105
2008,6,adult,0.0342318200443979
2009,6,adult,0.0587340284575448
2010,6,adult,0.0444916626739128
2011,6,adult,0.05733202132788
2012,6,adult,0.0555624838510513
2013,6,adult,0.0464213124710895
2014,6,adult,0.0345552341899729
2015,6,adult,0.0386569761600156
2016,6,adult,0.0429773275833892
2017,6,adult,0.0487108145517293
2018,6,adult,0.0391849576233349
2019,6,adult,0.0550636040916605
2020,6,adult,0.0641321604742711
2021,6,adult,0.0508393363050969
1952,7,adult,0.00578894996171303
1953,7,adult,0.00555294538997523
1954,7,adult,0.00407410399097435
1955,7,adult,0.00338628715355273
1956,7,adult,0.00265924372497589
1957,7,adult,0.00276449863818451
1958,7,adult,0.011530080907015
1959,7,adult,0.0117821284880062
1960,7,adult,0.0111694503652318
1961,7,adult,0.0147274965284477
1962,7,adult,0.0187484320536214
1963,7,adult,0.0215788087031276
1964,7,adult,0.0177436638278824
1965,7,adult,0.018223667005136
1966,7,adult,0.0213877777729225
1967,7,adult,0.025029448790871
1968,7,adult,0.0330801511619674
1969,7,adult,0.0325895870793133
1970,7,adult,0.0187701341092445
1971,7,adult,0.021343077764769
1972,7,adult,0.0250884543084771
1973,7,adult,0.0338624102905108
1974,7,adult,0.0409022712125976
1975,7,adult,0.0553494257840552
1976,7,adult,0.0405521205256137
1977,7,adult,0.0362971842769618
1978,7,adult,0.0456390457957382
1979,7,adult,0.042733540472213
1980,7,adult,0.0355247463166434
1981,7,adult,0.0390839380945467
1982,7,adult,0.032436679144138
1983,7,adult,0.0393742206528464
1984,7,adult,0.039412993919718
1985,7,adult,0.0464752310130136
1986,7,adult,0.0349687865934988
1987,7,adult,0.0405718901356001
1988,7,adult,0.0459774844298467
1989,7,adult,0.0435185272894317
1990,7,adult,0.0615232899309635
1991,7,adult,0.0633223327762701
1992,7,adult,0.0705008716024913
1993,7,adult,0.0655128573263044
1994,7,adult,0.0844718737175744
1995,7,adult,0.0848774122897668
1996,7,adult,0.117606130885451
1997,7,adult,0.124910805850586
1998,7,adult,0.13425340311551
1999,7,adult,0.157187768156167
2000,7,adult,0.180029679292358
2001,7,adult,0.169495247561725
2002,7,adult,0.146652921356788
2003,7,adult,0.178018265328651
2004,7,adult,0.187332877578189
2005,7,adult,0.156369401726053
2006,7,adult,0.218057343383597
2007,7,adult,0.163246152982799
2008,7,adult,0.196507251301648
2009,7,adult,0.196567410166077
2010,7,adult,0.132340078665183
2011,7,adult,0.188223474800475
2012,7,adult,0.214930400188502
2013,7,adult,0.183776853886979
2014,7,adult,0.279750771233886
2015,7,adult,0.219737200478188
2016,7,adult,0.162314697138419
2017,7,adult,0.107637230367132
2018,7,adult,0.181287382329888
2019,7,adult,0.178072078999483
2020,7,adult,0.145473852189664
2021,7,adult,0.125456355551882
1952,8,adult,0.00462279653176113
1953,8,adult,0.00929170152805803
1954,8,adult,0.00589279682926272
1955,8,adult,0.00310388655641165
1956,8,adult,0.00726747571057432
1957,8,adult,0.0121207276541661
1958,8,adult,0.00845816051811897
1959,8,adult,0.00442115053276371
1960,8,adult,0.00644621994337512
1961,8,adult,0.00911637675806003
1962,8,adult,0.0154723877780155
1963,8,adult,0.00674415853997247
1964,8,adult,0.00358552751758697
1965,8,adult,0.00512057793384141
1966,8,adult,0.00866084122905982
1967,8,adult,0.00567575951299836
1968,8,adult,0.00697041039275605
1969,8,adult,0.00250817952860789
1970,8,adult,0.00323438334509543
1971,8,adult,0.013088308393818
1972,8,adult,0.00808016621482799
1973,8,adult,0.0183624274223911
1974,8,adult,0.0301359871052953
1975,8,adult,0.00664536302684192
1976,8,adult,0.0109172068457529
1977,8,adult,0.0197824575077627
1978,8,adult,0.0238165169894976
1979,8,adult,0.0251127079507977
1980,8,adult,0.059406671592479
1981,8,adult,0.0632988148838398
1982,8,adult,0.0482131712267576
1983,8,adult,0.0438995969677455
1984,8,adult,0.0270498548954621
1985,8,adult,0.0386610975531953
1986,8,adult,0.038689262062883
1987,8,adult,0.0123565277494371
1988,8,adult,0.0193637185730906
1989,8,adult,0.0313423252910941
1990,8,adult,0.0257206990468681
1991,8,adult,0.0534069233532179
1992,8,adult,0.022474349983209
1993,8,adult,0.00941463174063259
1994,8,adult,0.0113560678656905
1995,8,adult,0.0227360369429813
1996,8,adult,0.0147724388081467
1997,8,adult,0.0352548712128128
1998,8,adult,0.0298322368762006
1999,8,adult,0.0138538303248028
2000,8,adult,0.014090258466271
2001,8,adult,0.018097066967932
2002,8,adult,0.0223179489164687
2003,8,adult,0.0431743403335236
2004,8,adult,0.0289430026536037
2005,8,adult,0.0361119087894531
2006,8,adult,0.0850335581685091
2007,8,adult,0.108169148941007
2008,8,adult,0.0730615716763138
2009,8,adult,0.0670388438734914
2010,8,adult,0.125989208960379
2011,8,adult,0.0863640923110214
2012,8,adult,0.0697194404094519
2013,8,adult,0.0829490614184559
2014,8,adult,0.0629848316335234
2015,8,adult,0.0502455934633063
2016,8,adult,0.0454720322699336
2017,8,adult,0.0703452339222284
2018,8,adult,0.0809966724045372
2019,8,adult,0.0684203727956964
2020,8,adult,0.0359080103477891
2021,8,adult,0.0366742272673482
1952,9,adult,7.39137411638112e-11
1953,9,adult,0.000175004726264498
1954,9,adult,0.00814186979812495
1955,9,adult,0.00126310675980467
1956,9,adult,0.00597056582381398
1957,9,adult,0.00519502232335079
1958,9,adult,0.00398923429654359
1959,9,adult,0.0122911180265924
1960,9,adult,0.00135084788482618
1961,9,adult,0.000815472143343754
1962,9,adult,0.000167473259535476
1963,9,adult,0.0256177858053577
1964,9,adult,0.00627275419285039
1965,9,adult,0.0395633998414012
1966,9,adult,0.0165442397576869
1967,9,adult,0.0016811581775322
1968,9,adult,0.00406984991870133
1969,9,adult,0.0115389536460642
1970,9,adult,0.00455197263317445
1971,9,adult,0.000551190594386353
1972,9,adult,0.00219875449547102
1973,9,adult,0.00239961060889
1974,9,adult,0.00446222221200959
1975,9,adult,0.00250307350543372
1976,9,adult,0.000341929245075374
1977,9,adult,0.000590537809294619
1978,9,adult,0.000435609573146403
1979,9,adult,0.00090974747615348
1980,9,adult,0.000246373916920085
1981,9,adult,0.000687448745303888
1982,9,adult,0.00163347627840817
1983,9,adult,0.00018780568354239
1984,9,adult,0.000313147468094905
1985,9,adult,0.00746673620630246
1986,9,adult,0.000428123047392219
1987,9,adult,0.000174308363205046
1988,9,adult,0.000655038188222028
1989,9,adult,0.00234190944042289
1990,9,adult,0.00105128230077765
1991,9,adult,0.00107570777696775
1992,9,adult,0.00292147563176453
1993,9,adult,0.00775962476402632
1994,9,adult,0.0437848350070292
1995,9,adult,0.0705896065358983
1996,9,adult,0.0212647447593206
1997,9,adult,0.0472189368628535
1998,9,adult,0.0661665665410355
1999,9,adult,0.028618486381626
2000,9,adult,0.0462126063570561
2001,9,adult,0.0432579514651701
2002,9,adult,0.05595594735579
2003,9,adult,0.0628303974705732
2004,9,adult,0.024304695067564
2005,9,adult,0.0222894609876272
2006,9,adult,0.0109886853809985
2007,9,adult,0.018313286818421
2008,9,adult,0.0104998751245942
2009,9,adult,0.00850572524188106
2010,9,adult,0.0067508033512038
2011,9,adult,0.00718431073188089
2012,9,adult,0.00572779560539394
2013,9,adult,0.00401133492417965
2014,9,adult,0.00789051788581561
2015,9,adult,0.0112380285605938
2016,9,adult,0.0104720592292411
2017,9,adult,0.00640278898197716
2018,9,adult,0.00455407115794808
2019,9,adult,0.00709869272741068
2020,9,adult,0.00430938735472384
2021,9,adult,0.00358371023238858
1952,all,adult,0.00857891254443611
1953,all,adult,0.00833244136576564
1954,all,adult,0.00549259160168779
1955,all,adult,0.00840566121616662
1956,all,adult,0.00870570451308261
1957,all,adult,0.0116982483688632
1958,all,adult,0.0173479485614028
1959,all,adult,0.0165309942397247
1960,all,adult,0.0170982576634596
1961,all,adult,0.0179816791873169
1962,all,adult,0.0174363017117349
1963,all,adult,0.0230286313716291
1964,all,adult,0.0178673217545902
1965,all,adult,0.017851301119142
1966,all,adult,0.0196260513035646
1967,all,adult,0.0210103558982027
1968,all,adult,0.0181266256421053
1969,all,adult,0.0221904900427646
1970,all,adult,0.0181555479347566
1971,all,adult,0.0197795287319837
1972,all,adult,0.0277493603121084
1973,all,adult,0.0228489764316823
1974,all,adult,0.0255488176437199
1975,all,adult,0.0326843852282664
1976,all,adult,0.0335130427288773
1977,all,adult,0.0350297100258947
1978,all,adult,0.0289314880037037
1979,all,adult,0.0378407648084554
1980,all,adult,0.0370380518986622
1981,all,adult,0.0309781759401342
1982,all,adult,0.0365252687773763
1983,all,adult,0.0327047477887655
1984,all,adult,0.0350977933931689
1985,all,adult,0.0405012740875198
1986,all,adult,0.0313973276493978
1987,all,adult,0.0448576160136985
1988,all,adult,0.0401848289546185
1989,all,adult,0.0409858649367461
1990,all,adult,0.0479357337529341
1991,all,adult,0.036474270839689
1992,all,adult,0.0498818019909305
1993,all,adult,0.0487421363639442
1994,all,adult,0.0680991776375681
1995,all,adult,0.0588972626082048
1996,all,adult,0.0515283806861017
1997,all,adult,0.0614164584265618
1998,all,adult,0.0778000680193109
1999,all,adult,0.0716891237435176
2000,all,adult,0.076079661981263
2001,all,adult,0.0746952633171358
2002,all,adult,0.0936858794311678
2003,all,adult,0.0787871190368701
2004,all,adult,0.10501535369972
2005,all,adult,0.0777521388043638
2006,all,adult,0.0859350042530882
2007,all,adult,0.0783497506162968
2008,all,adult,0.0831816444868321
2009,all,adult,0.0897106957335828
2010,all,adult,0.0794666376480901
2011,all,adult,0.0863601683703725
2012,all,adult,0.0954940840722892
2013,all,adult,0.0822440170485637
2014,all,adult,0.10523635278794
2015,all,adult,0.0912952077032815
2016,all,adult,0.0743331753200454
2017,all,adult,0.0629506561084808
2018,all,adult,0.0800274825563185
2019,all,adult,0.0836998357418946
2020,all,adult,0.0713160865077276
2021,all,adult,0.0626169457515465
1952,1,juvenile,0.0260172666355997
1953,1,juvenile,0.024358133795871
1954,1,juvenile,0.0241570400125853
1955,1,juvenile,0.0328952759608685
1956,1,juvenile,0.0340554531716875
1957,1,juvenile,0.0335847506932103
1958,1,juvenile,0.0412290320467565
1959,1,juvenile,0.0255269315335112
1960,1,juvenile,0.0370426340874923
1961,1,juvenile,0.0275116723008874
1962,1,juvenile,0.0176421594977739
1963,1,juvenile,0.0291515737273944
1964,1,juvenile,0.0256786584654058
1965,1,juvenile,0.025940190480164
1966,1,juvenile,0.0295728503315205
1967,1,juvenile,0.0475996323989331
1968,1,juvenile,0.0392910494537373
1969,1,juvenile,0.0638081969483353
1970,1,juvenile,0.0498870822344147
1971,1,juvenile,0.0369809740390147
1972,1,juvenile,0.0202584745042542
1973,1,juvenile,0.0165098029630211
1974,1,juvenile,0.0192043831171928
1975,1,juvenile,0.0300203935548565
1976,1,juvenile,0.0332429564006521
1977,1,juvenile,0.0360918838681811
1978,1,juvenile,0.0481279856636702
1979,1,juvenile,0.042439088542163
1980,1,juvenile,0.0339039599256689
1981,1,juvenile,0.0381070871620721
1982,1,juvenile,0.0410350921168526
1983,1,juvenile,0.0415741055920709
1984,1,juvenile,0.0534678159167646
1985,1,juvenile,0.0777698797130063
1986,1,juvenile,0.0470856206702184
1987,1,juvenile,0.0626351756674145
1988,1,juvenile,0.0740087786380827
1989,1,juvenile,0.0611007548717358
1990,1,juvenile,0.0585955096081741
1991,1,juvenile,0.0508490980532421
1992,1,juvenile,0.0592201994881436
1993,1,juvenile,0.0577788416241857
1994,1,juvenile,0.0752210481422859
1995,1,juvenile,0.103149686359974
1996,1,juvenile,0.0955710391906867
1997,1,juvenile,0.0797645967882911
1998,1,juvenile,0.074316807163738
1999,1,juvenile,0.0670892775782026
2000,1,juvenile,0.0960378599539748
2001,1,juvenile,0.0564668898412571
2002,1,juvenile,0.0881261348818784
2003,1,juvenile,0.062153583057122
2004,1,juvenile,0.131374918247383
2005,1,juvenile,0.048112000491542
2006,1,juvenile,0.129906552906012
2007,1,juvenile,0.115835656965469
2008,1,juvenile,0.0568329272591984
2009,1,juvenile,0.0710081397588215
2010,1,juvenile,0.0674448234083177
2011,1,juvenile,0.0929775052162872
2012,1,juvenile,0.0960629296502043
2013,1,juvenile,0.0498650780024913
2014,1,juvenile,0.0699030745079045
2015,1,juvenile,0.0639485901417072
2016,1,juvenile,0.0557848059028887
2017,1,juvenile,0.0472299510155689
2018,1,juvenile,0.045668661467412
2019,1,juvenile,0.0395578569307466
2020,1,juvenile,0.0596617101790192
2021,1,juvenile,0.0589939647884704
1952,2,juvenile,0.00402173861166894
1953,2,juvenile,0.00293593623893625
1954,2,juvenile,0.00179349876915444
1955,2,juvenile,0.00407625214693264
1956,2,juvenile,0.00247622018153893
1957,2,juvenile,0.0030381720903127
1958,2,juvenile,0.00758139225101051
1959,2,juvenile,0.00933611210686676
1960,2,juvenile,0.00765139430409686
1961,2,juvenile,0.00806185139346423
1962,2,juvenile,0.0106679588879587
1963,2,juvenile,0.0118141677445958
1964,2,juvenile,0.00909687023199148
1965,2,juvenile,0.00584233866075904
1966,2,juvenile,0.00749173546641124
1967,2,juvenile,0.00932928526386436
1968,2,juvenile,0.00643376634386104
1969,2,juvenile,0.00757626762713325
1970,2,juvenile,0.00985671019311981
1971,2,juvenile,0.00879518817412956
1972,2,juvenile,0.0128318603116005
1973,2,juvenile,0.0124161203166178
1974,2,juvenile,0.013060464053116
1975,2,juvenile,0.0120571868564223
1976,2,juvenile,0.0139872193449207
1977,2,juvenile,0.00991857382416063
1978,2,juvenile,0.0126333447050911
1979,2,juvenile,0.0115129364911254
1980,2,juvenile,0.0101475148793043
1981,2,juvenile,0.0145095628576614
1982,2,juvenile,0.0114943684501159
1983,2,juvenile,0.00951855106256167
1984,2,juvenile,0.0101478447206818
1985,2,juvenile,0.00916084453286479
1986,2,juvenile,0.0125481323463717
1987,2,juvenile,0.0160697534571347
1988,2,juvenile,0.0197247391501774
1989,2,juvenile,0.0182504001244399
1990,2,juvenile,0.0131515322667694
1991,2,juvenile,0.0182884495755401
1992,2,juvenile,0.0133686805397599
1993,2,juvenile,0.0170289007249803
1994,2,juvenile,0.014516527559091
1995,2,juvenile,0.0179247713050781
1996,2,juvenile,0.0140730771993483
1997,2,juvenile,0.0135307988169786
1998,2,juvenile,0.0145837925143828
1999,2,juvenile,0.0158727093948262
2000,2,juvenile,0.0117915463925221
2001,2,juvenile,0.0122856569196083
2002,2,juvenile,0.0131965436417298
2003,2,juvenile,0.0224994858183431
2004,2,juvenile,0.0194467595082636
2005,2,juvenile,0.0246161680590509
2006,2,juvenile,0.020788105716991
2007,2,juvenile,0.0221238156637147
2008,2,juvenile,0.0260450482019385
2009,2,juvenile,0.0154182016033389
2010,2,juvenile,0.0137362749462631
2011,2,juvenile,0.0211427163659554
2012,2,juvenile,0.0260740216458481
2013,2,juvenile,0.0228998748225458
2014,2,juvenile,0.020109257984069
2015,2,juvenile,0.0205736892164651
2016,2,juvenile,0.0250712394684956
2017,2,juvenile,0.0294132331715049
2018,2,juvenile,0.0304186798399028
2019,2,juvenile,0.0318943139222056
2020,2,juvenile,0.0323699943575119
2021,2,juvenile,0.0370879860434842
1952,3,juvenile,0.0034010027300209
1953,3,juvenile,0.00647030154172188
1954,3,juvenile,0.00222229674546424
1955,3,juvenile,0.00494166174891239
1956,3,juvenile,0.00509638595657209
1957,3,juvenile,0.013600694554565
1958,3,juvenile,0.0114159802920566
1959,3,juvenile,0.0129649440124711
1960,3,juvenile,0.0113473441112534
1961,3,juvenile,0.0139176955840339
1962,3,juvenile,0.0110660756098696
1963,3,juvenile,0.0158765050560394
1964,3,juvenile,0.00926071908355504
1965,3,juvenile,0.0114333749340151
1966,3,juvenile,0.016050152703473
1967,3,juvenile,0.0108946685831373
1968,3,juvenile,0.0124875141282475
1969,3,juvenile,0.0193035470261385
1970,3,juvenile,0.00890069548995807
1971,3,juvenile,0.012470817939931
1972,3,juvenile,0.054701185216122
1973,3,juvenile,0.0213124596207002
1974,3,juvenile,0.0235206339000513
1975,3,juvenile,0.0345178499041353
1976,3,juvenile,0.0615826088672871
1977,3,juvenile,0.0588129343459193
1978,3,juvenile,0.0540441287246836
1979,3,juvenile,0.0739566594073207
1980,3,juvenile,0.122134626496844
1981,3,juvenile,0.286967825024774
1982,3,juvenile,0.334324345125043
1983,3,juvenile,0.250731147275199
1984,3,juvenile,0.485909819756725
1985,3,juvenile,0.219262931034354
1986,3,juvenile,0.505239650175262
1987,3,juvenile,0.854050965665427
1988,3,juvenile,0.58679397353781
1989,3,juvenile,0.352450126528083
1990,3,juvenile,0.537831623471207
1991,3,juvenile,0.536436436051354
1992,3,juvenile,1.0050949228683
1993,3,juvenile,0.6817212971266
1994,3,juvenile,0.677399253090542
1995,3,juvenile,0.422623523546003
1996,3,juvenile,0.371930578222183
1997,3,juvenile,0.380364886719799
1998,3,juvenile,0.457305974783146
1999,3,juvenile,1.10925675816245
2000,3,juvenile,0.409890065812116
2001,3,juvenile,0.293973120758601
2002,3,juvenile,0.413132069216715
2003,3,juvenile,0.519121444735944
2004,3,juvenile,0.792826771780263
2005,3,juvenile,0.734471957688138
2006,3,juvenile,0.634223491467987
2007,3,juvenile,0.560615186434233
2008,3,juvenile,0.473982821418923
2009,3,juvenile,0.367814149498508
2010,3,juvenile,0.300600507784276
2011,3,juvenile,0.569252400856369
2012,3,juvenile,0.273020708892311
2013,3,juvenile,0.339857753730747
2014,3,juvenile,0.331132645195099
2015,3,juvenile,0.293455844085716
2016,3,juvenile,0.433858850865694
2017,3,juvenile,0.421851699355257
2018,3,juvenile,0.393800154125642
2019,3,juvenile,0.227259155112164
2020,3,juvenile,0.759423248793748
2021,3,juvenile,0.513754421880127
1952,4,juvenile,0.00456617877915063
1953,4,juvenile,0.00540474739397949
1954,4,juvenile,0.00138076817520295
1955,4,juvenile,0.00336811279791882
1956,4,juvenile,0.00454169449510022
1957,4,juvenile,0.00688679961764025
1958,4,juvenile,0.0110290136133967
1959,4,juvenile,0.00601932511726619
1960,4,juvenile,0.00648958662250364
1961,4,juvenile,0.0102531937709924
1962,4,juvenile,0.00755372538622951
1963,4,juvenile,0.0117242079792214
1964,4,juvenile,0.0107859802242343
1965,4,juvenile,0.0111119205616182
1966,4,juvenile,0.00857845365268261
1967,4,juvenile,0.0093632949654346
1968,4,juvenile,0.007368911904288
1969,4,juvenile,0.00949703789693734
1970,4,juvenile,0.00822363246223802
1971,4,juvenile,0.0102393699457619
1972,4,juvenile,0.0141269407481773
1973,4,juvenile,0.00776815663165239
1974,4,juvenile,0.00838320005740508
1975,4,juvenile,0.0184267186455136
1976,4,juvenile,0.0185114682163382
1977,4,juvenile,0.0211682266704769
1978,4,juvenile,0.0118863634017752
1979,4,juvenile,0.0226962825383259
1980,4,juvenile,0.0243638618723517
1981,4,juvenile,0.0115957862399128
1982,4,juvenile,0.0345377059267821
1983,4,juvenile,0.0826137414905352
1984,4,juvenile,0.0641962222264171
1985,4,juvenile,0.031025700700704
1986,4,juvenile,0.0270186032828033
1987,4,juvenile,0.121757917527608
1988,4,juvenile,0.0246713348684768
1989,4,juvenile,0.0231882031337918
1990,4,juvenile,0.0472582315867889
1991,4,juvenile,0.0278965228105392
1992,4,juvenile,0.11408976482216
1993,4,juvenile,0.19186204605587
1994,4,juvenile,0.11194873929304
1995,4,juvenile,0.043531735457951
1996,4,juvenile,0.0935797570942324
1997,4,juvenile,0.335795085415635
1998,4,juvenile,0.330646217862124
1999,4,juvenile,0.901634426281887
2000,4,juvenile,0.541938315324658
2001,4,juvenile,0.223763260718234
2002,4,juvenile,0.292358465603528
2003,4,juvenile,0.137901624521345
2004,4,juvenile,0.268593446099195
2005,4,juvenile,0.185290812672043
2006,4,juvenile,0.185714799650225
2007,4,juvenile,0.253158296503941
2008,4,juvenile,0.412596314281538
2009,4,juvenile,0.454142205673398
2010,4,juvenile,0.236441712124834
2011,4,juvenile,0.61263526665877
2012,4,juvenile,0.602641825630667
2013,4,juvenile,0.506826029979948
2014,4,juvenile,0.430171170453472
2015,4,juvenile,0.378569979828319
2016,4,juvenile,0.294778159187523
2017,4,juvenile,0.395073560795773
2018,4,juvenile,0.477228422651815
2019,4,juvenile,0.361338665617251
2020,4,juvenile,0.534435326921689
2021,4,juvenile,0.203920768494507
1952,5,juvenile,7.75695783922541e-05
1953,5,juvenile,0.000674354292456689
1954,5,juvenile,0.0047377710085023
1955,5,juvenile,0.000957170042149382
1956,5,juvenile,0.000700090363179427
1957,5,juvenile,0.00129892523001789
1958,5,juvenile,0.00149573331767088
1959,5,juvenile,0.00168277723492745
1960,5,juvenile,0.000985986408677372
1961,5,juvenile,0.00177935902687747
1962,5,juvenile,0.00541760454725199
1963,5,juvenile,0.00583641307926802
1964,5,juvenile,0.00389715713109236
1965,5,juvenile,0.00548724552761105
1966,5,juvenile,0.00697162052183249
1967,5,juvenile,0.00499846579113271
1968,5,juvenile,0.00506957123925391
1969,5,juvenile,0.00477558661345432
1970,5,juvenile,0.0088625515151352
1971,5,juvenile,0.0083645027817621
1972,5,juvenile,0.00638754013506902
1973,5,juvenile,0.013596384404996
1974,5,juvenile,0.0095931907362814
1975,5,juvenile,0.00320430849160591
1976,5,juvenile,0.00529725710514539
1977,5,juvenile,0.0031352311390858
1978,5,juvenile,0.00499616863451463
1979,5,juvenile,0.00977812057745307
1980,5,juvenile,0.00841682303202913
1981,5,juvenile,0.0103455815426615
1982,5,juvenile,0.00834586949472728
1983,5,juvenile,0.00836444636604883
1984,5,juvenile,0.00642305366088458
1985,5,juvenile,0.00881754789015123
1986,5,juvenile,0.00982565583794457
1987,5,juvenile,0.00534943996174445
1988,5,juvenile,0.0140629670171895
1989,5,juvenile,0.0118214861245502
1990,5,juvenile,0.0145852109225052
1991,5,juvenile,0.00916928735869616
1992,5,juvenile,0.00845392895092317
1993,5,juvenile,0.0130009362715622
1994,5,juvenile,0.0153220744155096
1995,5,juvenile,0.0152545980908249
1996,5,juvenile,0.0113182189188903
1997,5,juvenile,0.0124510896596671
1998,5,juvenile,0.0138577041319195
1999,5,juvenile,0.0132011011002889
2000,5,juvenile,0.0132488153764131
2001,5,juvenile,0.0214369816348817
2002,5,juvenile,0.0240049573267723
2003,5,juvenile,0.0296328808256771
2004,5,juvenile,0.0241237162431418
2005,5,juvenile,0.0206034073450901
2006,5,juvenile,0.0221723275236848
2007,5,juvenile,0.0177970656825688
2008,5,juvenile,0.0287601466056756
2009,5,juvenile,0.0203653487323728
2010,5,juvenile,0.0360413197746023
2011,5,juvenile,0.0313418364126318
2012,5,juvenile,0.0219250305645396
2013,5,juvenile,0.0211094881550218
2014,5,juvenile,0.0289422272353786
2015,5,juvenile,0.0236270875231996
2016,5,juvenile,0.0199648917558064
2017,5,juvenile,0.0190367060077516
2018,5,juvenile,0.0232066317613597
2019,5,juvenile,0.0252574619900476
2020,5,juvenile,0.0201336075419011
2021,5,juvenile,0.0214067726969137
1952,6,juvenile,3.65446819295197e-11
1953,6,juvenile,3.36979777646334e-06
1954,6,juvenile,0.000249744051960314
1955,6,juvenile,0.00188792474923177
1956,6,juvenile,0.00217819113721484
1957,6,juvenile,0.00094272012673561
1958,6,juvenile,0.00167870684677756
1959,6,juvenile,0.00194595184334263
1960,6,juvenile,0.00187124676555156
1961,6,juvenile,0.00201175148916967
1962,6,juvenile,0.000874340425123088
1963,6,juvenile,0.0013529408512114
1964,6,juvenile,0.00164133388501095
1965,6,juvenile,0.00259781649416626
1966,6,juvenile,0.00455498037215095
1967,6,juvenile,0.00288265266719966
1968,6,juvenile,0.00152124937426186
1969,6,juvenile,0.00223890073426814
1970,6,juvenile,0.00255935063127354
1971,6,juvenile,0.00319431871274065
1972,6,juvenile,0.00238222165229286
1973,6,juvenile,0.00497832812660579
1974,6,juvenile,0.00401788033910771
1975,6,juvenile,0.00219467813753911
1976,6,juvenile,0.0046950120604724
1977,6,juvenile,0.00429370024036911
1978,6,juvenile,0.00437662216634139
1979,6,juvenile,0.00354027663954225
1980,6,juvenile,0.00448315048021265
1981,6,juvenile,0.00543487734160176
1982,6,juvenile,0.00435951543811011
1983,6,juvenile,0.00468994859973113
1984,6,juvenile,0.00392499929833343
1985,6,juvenile,0.00341247462212067
1986,6,juvenile,0.00364401106640159
1987,6,juvenile,0.00467714223490998
1988,6,juvenile,0.00270682354518084
1989,6,juvenile,0.001932841316008
1990,6,juvenile,0.00309134884294064
1991,6,juvenile,0.00323653994765768
1992,6,juvenile,0.00210391412149885
1993,6,juvenile,0.00212896115831454
1994,6,juvenile,0.00409082394355864
1995,6,juvenile,0.00434557872018415
1996,6,juvenile,0.00497633277048868
1997,6,juvenile,0.00389260794575674
1998,6,juvenile,0.00747541224692702
1999,6,juvenile,0.00755881834156499
2000,6,juvenile,0.00804637241561654
2001,6,juvenile,0.0128812319770559
2002,6,juvenile,0.0162655756378511
2003,6,juvenile,0.0170731816947479
2004,6,juvenile,0.0169369314230296
2005,6,juvenile,0.0144188303937888
2006,6,juvenile,0.0168448700901014
2007,6,juvenile,0.0156338012120167
2008,6,juvenile,0.0143372137850029
2009,6,juvenile,0.0245994022042954
2010,6,juvenile,0.0186343135297303
2011,6,juvenile,0.0240122042689907
2012,6,juvenile,0.0232710747740181
2013,6,juvenile,0.0194425030132379
2014,6,juvenile,0.0144726684027104
2015,6,juvenile,0.0161905889415897
2016,6,juvenile,0.0180000693530624
2017,6,juvenile,0.0204014089233479
2018,6,juvenile,0.0164117216493387
2019,6,juvenile,0.0230621291700871
2020,6,juvenile,0.0268602873938402
2021,6,juvenile,0.0212928917423773
1952,7,juvenile,0.00262791699179923
1953,7,juvenile,0.00252078158299886
1954,7,juvenile,0.00184945573999082
1955,7,juvenile,0.00153721847161729
1956,7,juvenile,0.00120717426405342
1957,7,juvenile,0.0012549551498114
1958,7,juvenile,0.0030565154851784
1959,7,juvenile,0.00372028905061381
1960,7,juvenile,0.00289166409534922
1961,7,juvenile,0.00420389200211398
1962,7,juvenile,0.00564073071609362
1963,7,juvenile,0.00545752235781633
1964,7,juvenile,0.00394371923640297
1965,7,juvenile,0.00564178787852522
1966,7,juvenile,0.00661402372317416
1967,7,juvenile,0.0077577533622491
1968,7,juvenile,0.00881378177011784
1969,7,juvenile,0.00919440361914953
1970,7,juvenile,0.0588379276649235
1971,7,juvenile,0.125658511275126
1972,7,juvenile,0.112234637040595
1973,7,juvenile,0.102649084937749
1974,7,juvenile,0.143097499084507
1975,7,juvenile,0.145298571003014
1976,7,juvenile,0.173849981643871
1977,7,juvenile,0.183307129393723
1978,7,juvenile,0.318786189250681
1979,7,juvenile,0.358684309201994
1980,7,juvenile,0.199741885131977
1981,7,juvenile,0.352465786801716
1982,7,juvenile,0.165304486343686
1983,7,juvenile,0.289212543962464
1984,7,juvenile,0.193239030003601
1985,7,juvenile,0.29697777172679
1986,7,juvenile,0.283885193416549
1987,7,juvenile,0.199205569480473
1988,7,juvenile,0.193349286136621
1989,7,juvenile,0.342197331627219
1990,7,juvenile,0.330464659141801
1991,7,juvenile,0.606646119759436
1992,7,juvenile,0.285305277010658
1993,7,juvenile,0.244988956965609
1994,7,juvenile,0.341282308955598
1995,7,juvenile,1.02165192878192
1996,7,juvenile,0.375505634718006
1997,7,juvenile,0.320507159449136
1998,7,juvenile,0.452787370990413
1999,7,juvenile,0.437444768279759
2000,7,juvenile,0.622523345914405
2001,7,juvenile,0.730743179741626
2002,7,juvenile,0.442110764511422
2003,7,juvenile,1.3772025935915
2004,7,juvenile,0.411418024779711
2005,7,juvenile,0.47452148984814
2006,7,juvenile,0.389567323485952
2007,7,juvenile,0.458405622286671
2008,7,juvenile,0.552477247011766
2009,7,juvenile,0.374357997021995
2010,7,juvenile,0.527107908321966
2011,7,juvenile,0.282831655651629
2012,7,juvenile,0.37860148854999
2013,7,juvenile,0.390920983300807
2014,7,juvenile,0.59471044548287
2015,7,juvenile,0.62671029082903
2016,7,juvenile,0.614176148669653
2017,7,juvenile,0.254269458604781
2018,7,juvenile,0.47191155105861
2019,7,juvenile,0.828344757179612
2020,7,juvenile,0.865602411239017
2021,7,juvenile,0.673816646373985
1952,8,juvenile,0.00376093553114588
1953,8,juvenile,0.00755938303753086
1954,8,juvenile,0.00479416047330413
1955,8,juvenile,0.00252520668675138
1956,8,juvenile,0.00591254805349749
1957,8,juvenile,0.00986097315335365
1958,8,juvenile,0.00688124537636293
1959,8,juvenile,0.00359688363620048
1960,8,juvenile,0.00524440509220543
1961,8,juvenile,0.0074167454755961
1962,8,juvenile,0.0125877599122129
1963,8,juvenile,0.0054867968082582
1964,8,juvenile,0.00291705198568668
1965,8,juvenile,0.00416591190975758
1966,8,juvenile,0.00704613857056426
1967,8,juvenile,0.00471146889724204
1968,8,juvenile,0.00567791156425548
1969,8,juvenile,0.00211284454888297
1970,8,juvenile,0.00264560501072772
1971,8,juvenile,0.010961036839752
1972,8,juvenile,0.0743337513743325
1973,8,juvenile,0.0289061778652893
1974,8,juvenile,0.0516473105178172
1975,8,juvenile,0.0272169313747035
1976,8,juvenile,0.0259006902451581
1977,8,juvenile,0.060707911699007
1978,8,juvenile,0.0431149820913382
1979,8,juvenile,0.0620474187403948
1980,8,juvenile,0.0647601413355958
1981,8,juvenile,0.0955261354272373
1982,8,juvenile,0.144622379728956
1983,8,juvenile,0.195869901030352
1984,8,juvenile,0.175701846319848
1985,8,juvenile,0.220336043082843
1986,8,juvenile,0.198387337357889
1987,8,juvenile,0.172885472810505
1988,8,juvenile,0.14551212064773
1989,8,juvenile,0.369053322241133
1990,8,juvenile,0.341260289577785
1991,8,juvenile,0.536699336095253
1992,8,juvenile,0.343864430832654
1993,8,juvenile,0.124796505065802
1994,8,juvenile,0.11603598006893
1995,8,juvenile,0.194731378975314
1996,8,juvenile,0.325066376290749
1997,8,juvenile,0.546267389661478
1998,8,juvenile,0.54118861812192
1999,8,juvenile,0.224259905010579
2000,8,juvenile,0.183643528867292
2001,8,juvenile,0.218157271931052
2002,8,juvenile,0.345772080592943
2003,8,juvenile,0.593060315710244
2004,8,juvenile,0.520794194627066
2005,8,juvenile,0.65115778248924
2006,8,juvenile,1.43586566333571
2007,8,juvenile,1.93628011218956
2008,8,juvenile,0.684211820033868
2009,8,juvenile,0.674039635119631
2010,8,juvenile,1.4545047760608
2011,8,juvenile,1.0626373668723
2012,8,juvenile,0.78077204013956
2013,8,juvenile,0.895379322499538
2014,8,juvenile,0.41065326928451
2015,8,juvenile,0.308987918146015
2016,8,juvenile,0.37470282856373
2017,8,juvenile,0.518719342827059
2018,8,juvenile,0.330215088402238
2019,8,juvenile,0.26737417963276
2020,8,juvenile,0.242477668035884
2021,8,juvenile,0.250588850908065
1952,9,juvenile,3.65446819295197e-11
1953,9,juvenile,7.58125478457917e-05
1954,9,juvenile,0.00352708095541875
1955,9,juvenile,0.000547181467364481
1956,9,juvenile,0.00258646602127369
1957,9,juvenile,0.00225049838608793
1958,9,juvenile,0.0017281475380042
1959,9,juvenile,0.00532454728294264
1960,9,juvenile,0.000585191147498984
1961,9,juvenile,0.000353264843258814
1962,9,juvenile,7.25498911612203e-05
1963,9,juvenile,0.0110976976700348
1964,9,juvenile,0.00271737483258722
1965,9,juvenile,0.0171389765201902
1966,9,juvenile,0.00716701152564084
1967,9,juvenile,0.000728282576416454
1968,9,juvenile,0.00176307049997685
1969,9,juvenile,0.00499870719005259
1970,9,juvenile,0.0019719274593545
1971,9,juvenile,0.000238777329790867
1972,9,juvenile,0.000952506695861998
1973,9,juvenile,0.00103951808536222
1974,9,juvenile,0.00193304727445061
1975,9,juvenile,0.00108433851605799
1976,9,juvenile,0.000148124717612873
1977,9,juvenile,0.000255822663972806
1978,9,juvenile,0.000188707307376156
1979,9,juvenile,0.00039410518805846
1980,9,juvenile,0.000106729882259053
1981,9,juvenile,0.000297804753094929
1982,9,juvenile,0.000707626543462854
1983,9,juvenile,8.13579568748255e-05
1984,9,juvenile,0.000135656367122206
1985,9,juvenile,0.00323461129034141
1986,9,juvenile,0.000185464120082939
1987,9,juvenile,7.55108789389638e-05
1988,9,juvenile,0.000283764395514585
1989,9,juvenile,0.00101452180014136
1990,9,juvenile,0.000482525638151907
1991,9,juvenile,0.000707460403033272
1992,9,juvenile,0.00192136598894123
1993,9,juvenile,0.00508113700763912
1994,9,juvenile,0.0287885899633115
1995,9,juvenile,0.0463957006864366
1996,9,juvenile,0.0139851785374913
1997,9,juvenile,0.0309242951143672
1998,9,juvenile,0.0435157465866339
1999,9,juvenile,0.0188215122428246
2000,9,juvenile,0.0303926322984063
2001,9,juvenile,0.0284494426057374
2002,9,juvenile,0.0368005303496051
2003,9,juvenile,0.0413216484245352
2004,9,juvenile,0.0159844616979164
2005,9,juvenile,0.0146591029347939
2006,9,juvenile,0.00722692524607705
2007,9,juvenile,0.0120440939362214
2008,9,juvenile,0.00690544962908073
2009,9,juvenile,0.00559395784837249
2010,9,juvenile,0.00443979889743753
2011,9,juvenile,0.004724903507647
2012,9,juvenile,0.00376699755027372
2013,9,juvenile,0.00263813347276949
2014,9,juvenile,0.00518935459850374
2015,9,juvenile,0.00739091074916111
2016,9,juvenile,0.00688715593747772
2017,9,juvenile,0.00421092032507112
2018,9,juvenile,0.00299507471514475
2019,9,juvenile,0.00466859498226894
2020,9,juvenile,0.00283415344586057
2021,9,juvenile,0.00235689754966994
1952,all,juvenile,0.00787327314431971
1953,all,juvenile,0.00741343614210365
1954,all,juvenile,0.00617461109560083
1955,all,juvenile,0.00876011125347452
1956,all,juvenile,0.00840488937023498
1957,all,juvenile,0.0102550149480144
1958,all,juvenile,0.0136095035472668
1959,all,juvenile,0.0103804054201376
1960,all,juvenile,0.0106023137489084
1961,all,juvenile,0.0102102294562733
1962,all,juvenile,0.00927341358003798
1963,all,juvenile,0.0128899962893971
1964,all,juvenile,0.0109474609829735
1965,all,juvenile,0.0120336830888746
1966,all,juvenile,0.0124572985500945
1967,all,juvenile,0.0153161256195507
1968,all,juvenile,0.0143317049147891
1969,all,juvenile,0.0206468386259003
1970,all,juvenile,0.0281640468587466
1971,all,juvenile,0.0439472616869198
1972,all,juvenile,0.0383586501238279
1973,all,juvenile,0.033573830690374
1974,all,juvenile,0.0469435484482199
1975,all,juvenile,0.0399538880092
1976,all,juvenile,0.0442618208896964
1977,all,juvenile,0.0608141686584087
1978,all,juvenile,0.108628090918143
1979,all,juvenile,0.111565177101365
1980,all,juvenile,0.0717207329269813
1981,all,juvenile,0.101004576364566
1982,all,juvenile,0.0831462584262084
1983,all,juvenile,0.113536328175053
1984,all,juvenile,0.131034211440547
1985,all,juvenile,0.117570235096578
1986,all,juvenile,0.162161196353823
1987,all,juvenile,0.157898263384133
1988,all,juvenile,0.11264597178841
1989,all,juvenile,0.138613075128232
1990,all,juvenile,0.162786925704256
1991,all,juvenile,0.258946305817819
1992,all,juvenile,0.23049291036115
1993,all,juvenile,0.198592160673052
1994,all,juvenile,0.210378246717982
1995,all,juvenile,0.217061003314325
1996,all,juvenile,0.206415764076576
1997,all,juvenile,0.23819829643573
1998,all,juvenile,0.27052846195139
1999,all,juvenile,0.331303171215989
2000,all,juvenile,0.246542303169155
2001,all,juvenile,0.221961907185427
2002,all,juvenile,0.230144767628509
2003,all,juvenile,0.353811887062266
2004,all,juvenile,0.322556000167976
2005,all,juvenile,0.281628991108409
2006,all,juvenile,0.285828308880858
2007,all,juvenile,0.310091091483903
2008,all,juvenile,0.334713203694692
2009,all,juvenile,0.268352852135282
2010,all,juvenile,0.243988613629009
2011,all,juvenile,0.343078131499391
2012,all,juvenile,0.243655987242028
2013,all,juvenile,0.247687698823552
2014,all,juvenile,0.313625723950747
2015,all,juvenile,0.297751532819193
2016,all,juvenile,0.318870950224143
2017,all,juvenile,0.230766714647128
2018,all,juvenile,0.293002252354235
2019,all,juvenile,0.282685784281608
2020,all,juvenile,0.429188560919951
2021,all,juvenile,0.247517146180141
